category,name,price,id
人氣精選 TOP 10,絕代雙Q奶茶,44.0,1
人氣精選 TOP 10,海神,32.0,1
人氣精選 TOP 10,蘋果冰茶,40.0,1
人氣精選 TOP 10,百香搖果樂,40.0,1
人氣精選 TOP 10,紅茶拿鐵,48.0,1
人氣精選 TOP 10,海神奶茶,44.0,1
人氣精選 TOP 10,鮮萃麥香紅茶,28.0,1
人氣精選 TOP 10,金萱茶,32.0,1
人氣精選 TOP 10,港式厚奶,52.0,1
奶茶&拿鐵,紅茶拿鐵,48.0,1
奶茶&拿鐵,烏龍拿鐵,48.0,1
奶茶&拿鐵,四季春拿鐵,48.0,1
奶茶&拿鐵,金萱拿鐵,48.0,1
奶茶&拿鐵,觀音拿鐵,48.0,1
奶茶&拿鐵,觀音厚奶,56.0,1
奶茶&拿鐵,招牌奶茶,36.0,1
奶茶&拿鐵,黃金奶綠,36.0,1
奶茶&拿鐵,珍珠奶茶,40.0,1
奶茶&拿鐵,海神奶茶,44.0,1
奶茶&拿鐵,絕代雙Q奶茶,44.0,1
奶茶&拿鐵,仙草凍奶茶,48.0,1
奶茶&拿鐵,經典可可,36.0,1
奶茶&拿鐵,鮮萃麥香奶茶,40.0,1
奶茶&拿鐵,桂花奶綠,48.0,1
奶茶&拿鐵,港式厚奶,52.0,1
奶茶&拿鐵,玩火奶茶,44.0,1
奶茶&拿鐵,玫瑰普洱奶茶,44.0,1
奶茶&拿鐵,粉條奶茶,44.0,1
原葉鮮萃茶,碧螺春,32.0,1
原葉鮮萃茶,四季春,32.0,1
原葉鮮萃茶,烏龍綠茶,32.0,1
原葉鮮萃茶,茉莉烏龍,32.0,1
原葉鮮萃茶,斯里蘭卡烏瓦紅茶,32.0,1
原葉鮮萃茶,熟滄觀音,32.0,1
原葉鮮萃茶,文山包種,40.0,1
原葉鮮萃茶,東方美人,40.0,1
原葉鮮萃茶,白桃蜜烏龍,40.0,1
原葉鮮萃茶,洛神蜜香紅茶,40.0,1
原葉鮮萃茶,桂花四季春,40.0,1
原葉鮮萃茶,柑橘大吉嶺,44.0,1
原葉鮮萃茶,柑橘金萱,44.0,1
原葉鮮萃茶,玫瑰普洱,32.0,1
原葉鮮萃茶,海神,32.0,1
原葉鮮萃茶,金萱茶,32.0,1
原葉鮮萃茶,鮮萃麥香紅茶,28.0,1
原葉鮮萃茶,玩火,32.0,1
果然果茶,錫蘭紅茶,24.0,1
果然果茶,茉莉綠茶,24.0,1
果然果茶,梅果茶,40.0,1
果然果茶,蘋果冰茶,40.0,1
果然果茶,百香搖果樂,40.0,1
果然果茶,養樂多綠茶,40.0,1
果然果茶,蜂蜜紅茶,36.0,1
果然果茶,蜂蜜綠茶,36.0,1
果然果茶,檸檬冰茶,40.0,1
果然果茶,芭C檸檬綠,48.0,1
果然果茶,鳳梨冰茶,48.0,1
果然果茶,玉荷冰綠,36.0,1
果然果茶,葡萄柚綠茶,48.0,1
果然果茶,超桔霸氣飲,36.0,1
果然果茶,蜂蜜蘆薈,36.0,1
果然果茶,荔枝玉露,40.0,1
果然果茶,纖美小紫蘇,48.0,1
果然果茶,芭C檸檬多多,64.0,1
果然果茶,金桔檸檬,40.0,1
果然果茶,粉漾野莓多多,64.0,1
果然果茶,野莓冰茶,48.0,1
季節限定,檸檬愛玉,40.0,1
季節限定,金芒果優酪,48.0,1
季節限定,青檸香柚QQ,56.0,1
季節限定,百香果冰沙,40.0,1
季節限定,七巧歐蕾,48.0,1
季節限定,桂圓紅棗,32.0,1
季節限定,暖薑茶,32.0,1
季節限定,暖薑奶茶,40.0,1
季節限定,熱檸茶,40.0,1
季節限定,熱桔茶,40.0,1
季節限定,黑糖薑汁可可,44.0,1
季節限定,紫米可可,44.0,1
季節限定,紫米奶茶,44.0,1
季節限定,宇治抹茶,48.0,1
季節限定,抹茶拿鐵,64.0,1
咖啡&派對盒,特調咖啡,36.0,1
咖啡&派對盒,米果大四喜,24.0,1
咖啡&派對盒,海神爆米花,56.0,1
麵線,霸氣麵線,60.0,2
麵線,海嘯麵線,60.0,2
麵線,腸勝麵線,60.0,2
麵線,海蚵麵線,60.0,2
麵線,清麵線,40.0,2
麵線,油飯,50.0,2
鹹水雞,半隻煙燻雞,140.0,2
鹹水雞,半隻鹹水雞,130.0,2
鹹水雞,雞胸,60.0,2
鹹水雞,雞翅,20.0,2
鹹水雞,雞腿,70.0,2
滷味類,魯鴨血,30.0,2
滷味類,鑫鑫腸,20.0,2
滷味類,甜不辣,20.0,2
滷味類,黑輪,20.0,2
滷味類,貢丸,20.0,2
滷味類,樓梯,20.0,2
滷味類,豆乾,20.0,2
滷味類,豆皮,20.0,2
滷味類,豆包,20.0,2
滷味類,油豆腐,20.0,2
滷味類,百頁豆腐,20.0,2
滷味類,米血,20.0,2
滷味類,杏包菇,20.0,2
滷味類,豬耳朵,20.0,2
滷味類,芋頭簽,20.0,2
滷味類,蘿蔔,20.0,2
小菜類,雞冠,20.0,2
小菜類,雞胗,20.0,2
小菜類,花椰菜,20.0,2
小菜類,高麗菜,20.0,2
小菜類,馬鈴薯,20.0,2
小菜類,雞腸,20.0,2
小菜類,黃金蛋,20.0,2
小菜類,玉米筍,20.0,2
小菜類,金針菇,20.0,2
小菜類,洋蔥,20.0,2
小菜類,秋葵,20.0,2
小菜類,雞心,20.0,2
小菜類,小黃瓜,20.0,2
小菜類,脆筍片,20.0,2
小菜類,四季豆,20.0,2
小菜類,蒟蒻腰花,20.0,2
小菜類,木耳,20.0,2
金銅火鍋,川味麻辣火鍋,219.0,3
金銅火鍋,海鮮豆腐火鍋,219.0,3
金銅火鍋,牛奶起司火鍋,219.0,3
套餐系列,黃金經典炸豬排套餐,169.0,3
套餐系列,糖醋豬柳套餐,159.0,3
套餐系列,黑胡椒豬柳套餐,159.0,3
套餐系列,蔥爆豬柳套餐,159.0,3
套餐系列,黑蒜頭肉燥飯套餐,139.0,3
套餐系列,蜜汁照燒雞腿套餐,159.0,3
套餐系列,三杯雞套餐,159.0,3
套餐系列,椒麻雞套餐,159.0,3
套餐系列,糖醋魚片套餐,159.0,3
套餐系列,三杯魚片套餐,159.0,3
套餐系列,炒三鮮套餐,169.0,3
日式丼飯,黃金豬排丼飯,159.0,3
日式丼飯,阿花豬肉丼飯,139.0,3
日式丼飯,阿花羊肉丼飯,139.0,3
炒飯系列,豬柳炒飯,129.0,3
炒飯系列,鮮蝦炒飯,139.0,3
炒飯系列,綜合炒飯,139.0,3
炒飯系列,田園炒飯,109.0,3
造型兒童餐,黑蒜頭肉燥飯兒童餐,139.0,3
造型兒童餐,薯餅香酥飯兒童餐,139.0,3
造型兒童餐,起司豬排飯兒童餐,139.0,3
精緻點心,薯條,70.0,3
精緻點心,熱狗,70.0,3
精緻點心,雞塊,80.0,3
精緻點心,洋蔥圈,80.0,3
精緻點心,綜合炸物,200.0,3
披薩類,和風章魚燒披薩,280.0,4
披薩類,夏威夷披薩,220.0,4
披薩類,鮮蔬田園披薩,220.0,4
炒飯類,揚州炒飯,290.0,4
炒飯類,鹹魚雞粒炒飯,290.0,4
炒飯類,青椒牛肉炒飯,290.0,4
炒麵類,小卷關東撈麵,290.0,4
炒麵類,廣東什錦炒麵,290.0,4
瑞士捲,優格黑莓瑞士捲,220.0,4
瑞士捲,抹茶紅豆瑞士捲,220.0,4
瑞士捲,伯爵紅茶瑞士捲,220.0,4
8吋蛋糕,美式起司蛋糕,880.0,4
8吋蛋糕,大理石起司蛋糕,880.0,4
8吋蛋糕,BLD巧克力蛋糕,880.0,4
精緻餐點,咖哩素G粗糧飯,90.0,5
精緻餐點,時令蔬果沙拉,90.0,5
精緻餐點,鮮蔬素魚沙拉,90.0,5
精緻餐點,羽衣甘藍素排沙拉,90.0,5
精緻餐點,起司鮮蔬黃金玉米飯,90.0,5
精緻餐點,素G鮮蔬沙拉,90.0,5
精緻餐點,黑椒素排雜糧飯,90.0,5
精緻餐點,宴菜,60.0,5
精緻餐點,大補湯,60.0,5
精緻餐點,蔬食漢堡,60.0,5
精緻餐點,酵素飲,50.0,5
内功·純茶,阿里山雲霧冰茶,45.0,6
内功·純茶,日月潭紅玉,45.0,6
内功·純茶,岩葉紅茶,30.0,6
内功·純茶,翠玉綠茶,30.0,6
内功·純茶,四季春青茶,30.0,6
内功·純茶,重焙鐵觀音,30.0,6
銷魂·芝士玫瑰鹽,芝士鐵觀音,60.0,6
銷魂·芝士玫瑰鹽,芝士玫瑰鹽翠玉,60.0,6
銷魂·芝士玫瑰鹽,芝士四季青,60.0,6
銷魂·芝士玫瑰鹽,芝士日月潭紅玉,70.0,6
輕功·鮮飲水果茶,冬瓜輕檸檬,45.0,6
輕功·鮮飲水果茶,輕飲水果茶王,60.0,6
輕功·鮮飲水果茶,莓莓果粒茶,65.0,6
輕功·鮮飲水果茶,青梅果釀,50.0,6
輕功·鮮飲水果茶,青梅綠茶,50.0,6
輕功·鮮飲水果茶,鮮榨柳橙綠,55.0,6
輕功·鮮飲水果茶,翠玉多多,50.0,6
輕功·鮮飲水果茶,寒天柚香飲,55.0,6
輕功·鮮飲水果茶,寒天莓莓,55.0,6
輕功·鮮飲水果茶,玫瑰青露,45.0,6
江湖·厚奶茶,岩紅厚奶茶,45.0,6
江湖·厚奶茶,翠玉奶茶,45.0,6
江湖·厚奶茶,38奶霸,55.0,6
江湖·厚奶茶,重焙鐵觀音奶,50.0,6
江湖·厚奶茶,鮮芋頭奶茶,60.0,6
江湖·厚奶茶,玫瑰奶茶,50.0,6
江湖·厚奶茶,魔術方塊奶茶,55.0,6
功夫·拿鐵,岩葉紅茶拿鐵,55.0,6
功夫·拿鐵,重焙觀音拿鐵,60.0,6
功夫·拿鐵,鮮芋頭拿鐵,75.0,6
功夫·拿鐵,老鄉冬瓜拿鐵,55.0,6
功夫·拿鐵,紅豆粉粿鮮奶,75.0,6
爆拳·黑糖波霸,爆拳波霸奶茶,55.0,6
爆拳·黑糖波霸,黑糖波霸鐵觀音奶茶,60.0,6
爆拳·黑糖波霸,黑糖波霸純鮮奶,75.0,6
爆拳·黑糖波霸,芝士黑糖波霸鮮奶,80.0,6
獨門·薑汁系列,薑汁純鮮奶,55.0,6
獨門·薑汁系列,薑汁撞奶,50.0,6
獨門·薑汁系列,慢火老薑茶,40.0,6
隱藏·飲茶,鮮柚翠玉飲,50.0,6
隱藏·飲茶,蔓越莓果釀,40.0,6
隱藏·飲茶,老鄉冬瓜茶,30.0,6
熱炒類,蔥爆豬肉,180.0,7
熱炒類,宮保皮蛋,180.0,7
熱炒類,宮保雞丁,190.0,7
熱炒類,三杯雞,230.0,7
熱炒類,三杯中卷,230.0,7
熱炒類,三杯皮蛋,190.0,7
熱炒類,金沙杏鮑菇,190.0,7
熱炒類,金沙中卷,230.0,7
熱炒類,鮮炒時蔬,110.0,7
熱炒類,香煎九層塔蛋,100.0,7
熱炒類,香煎蔥花蛋,100.0,7
熱炒類,爆炒青椒肉絲,180.0,7
熱炒類,沙茶蔥爆,190.0,7
熱炒類,炒蛤蠣,180.0,7
熱炒類,鹹酥蝦,230.0,7
熱炒類,炒台灣虱目魚皮,170.0,7
熱炒類,乾煎台灣虱目魚肚,170.0,7
熱炒類,川燙鮮蝦,230.0,7
熱炒類,酒蒸鮮蝦,230.0,7
熱炒類,麻油腰子,260.0,7
鍋燒類,鍋燒意麵,85.0,7
鍋燒類,鍋燒冬粉,80.0,7
鍋燒類,鍋燒雞絲,80.0,7
鍋燒類,鍋燒泡麵,80.0,7
炒飯/麵類,炒飯,80.0,7
炒飯/麵類,炒麵,80.0,7
炒飯/麵類,炒泡麵,80.0,7
炒飯/麵類,炒意麵,80.0,7
炒飯/麵類,炒米粉,80.0,7
炒飯/麵類,牛/豬燴飯,90.0,7
炒飯/麵類,水餃,75.0,7
炒飯/麵類,荷包蛋,15.0,7
涼拌類,和風拌洋蔥,100.0,7
炸物類,美式拼盤,90.0,7
炸物類,炸魚餃,90.0,7
炸物類,炸花枝丸,130.0,7
湯品類,台灣虱目魚肚湯,100.0,7
湯品類,台灣虱目魚皮湯,70.0,7
湯品類,蛤蠣湯,60.0,7
湯品類,魚丸湯,35.0,7
湯品類,貢丸湯,35.0,7
湯品類,蛋花湯,35.0,7
湯品類,豬肝湯,70.0,7
湯品類,豬肝麵,80.0,7
湯品類,台灣虱目魚皮粥,80.0,7
湯品類,台灣虱目魚肚粥,110.0,7
湯品類,海鮮粥,100.0,7
湯品類,海鮮麵,100.0,7
湯鍋類,剝皮辣椒雞湯,400.0,7
湯鍋類,蒜頭雞湯,400.0,7
湯鍋類,香菇雞湯,400.0,7
湯鍋類,蛤蠣湯鍋,200.0,7
飲料類,古早味冬瓜茶,25.0,7
飲料類,大礦泉水,30.0,7
小火鍋,招牌豬肉鍋,140.0,7
小火鍋,招牌牛肉鍋,150.0,7
小火鍋,招牌麻辣鍋,180.0,7
小火鍋,海鮮鍋,180.0,7
小火鍋,韓式泡菜鍋,160.0,7
小火鍋,日本味噌鍋,160.0,7
小火鍋,咖哩風味鍋,160.0,7
小火鍋,昆布柴魚鍋,160.0,7
燒烤類,烤中卷,160.0,7
燒烤類,牛小排,130.0,7
燒烤類,鹹豬肉,90.0,7
燒烤類,秋刀魚,70.0,7
燒烤類,雞腿肉串,45.0,7
燒烤類,培根卷,45.0,7
燒烤類,雞肉串,35.0,7
燒烤類,雞心,35.0,7
燒烤類,七里香,35.0,7
燒烤類,豬肉串,35.0,7
燒烤類,香腸,35.0,7
燒烤類,杏鮑菇,30.0,7
燒烤類,花枝丸,30.0,7
燒烤類,百頁豆腐,25.0,7
燒烤類,貢丸,25.0,7
燒烤類,豆干,25.0,7
燒烤類,豆包,25.0,7
燒烤類,青椒,25.0,7
燒烤類,玉米筍,25.0,7
燒烤類,鑫鑫腸,25.0,7
燒烤類,甜不辣,25.0,7
燒烤類,米血,15.0,7
【多人歡聚首選】歡樂分享餐,歡樂雙人餐,329.0,8
【多人歡聚首選】歡樂分享餐,歡樂全家餐,399.0,8
【多人歡聚首選】歡樂分享餐,和風炸雞點心組合,299.0,8
【多人歡聚首選】歡樂分享餐,歡樂點心盒,299.0,8
快速組合餐,藜麥元氣牛肉珍珠堡組合餐,150.0,8
快速組合餐,厚切培根牛肉堡組合餐,140.0,8
快速組合餐,藜麥海洋珍珠堡組合餐,120.0,8
快速組合餐,蜜汁烤雞起司堡組合餐,115.0,8
快速組合餐,藜麥燒肉珍珠堡組合餐,115.0,8
快速組合餐,摩斯鱈魚堡組合餐,110.0,8
快速組合餐,藜麥薑燒珍珠堡組合餐,110.0,8
快速組合餐,藜麥杏鮑菇珍珠堡【素】組合餐,115.0,8
快速組合餐,台灣嫩肩豬珍珠堡組合餐,135.0,8
快速組合餐,台灣里肌豬排堡組合餐,125.0,8
摩斯精選,摩斯日式咖哩(豬肉) ,70.0,8
摩斯精選,摩斯日式咖哩(雞肉),70.0,8
摩斯精選,摩斯日式咖哩(牛肉),70.0,8
摩斯精選,台灣米夾心餅-黑芝麻,120.0,8
摩斯精選,玉米濃湯(隨身包),30.0,8
摩斯精選,玉米濃湯(隨身包)12入 ,299.0,8
摩斯精選,摩斯可可粉 ,150.0,8
摩斯精選,摩斯抹茶拿鐵粉,250.0,8
摩斯精選,濾泡式咖啡(中南美),25.0,8
摩斯精選,紅鑽藜麥可可(6入/盒)【含禮袋】,270.0,8
摩斯精選,台灣米夾心餅-鹹蛋黃,120.0,8
摩斯精選,台灣米餅-日式照燒,120.0,8
摩斯精選,摩斯綜合堅果,330.0,8
摩斯精選,台東紅藜地瓜穀物棒【含禮袋】,250.0,8
單點漢堡,藜麥元氣牛肉珍珠堡,110.0,8
單點漢堡,厚切培根牛肉堡,100.0,8
單點漢堡,藜麥海洋珍珠堡,80.0,8
單點漢堡,蜜汁烤雞起司堡,75.0,8
單點漢堡,藜麥燒肉珍珠堡,75.0,8
單點漢堡,摩斯鱈魚堡,70.0,8
單點漢堡,藜麥薑燒珍珠堡,70.0,8
單點漢堡,藜麥杏鮑菇珍珠堡【素】,75.0,8
單點漢堡,台灣嫩肩豬珍珠堡,95.0,8
單點漢堡,台灣里肌豬排堡,85.0,8
單點點心,和風炸雞,65.0,8
單點點心,和風雞腿塊【3個】,65.0,8
單點點心,摩斯雞塊【5個】,55.0,8
單點點心,薯條【L】,45.0,8
單點點心,北海道可樂餅,35.0,8
單點點心,方塊薯餅【3個】,35.0,8
單點點心,葡萄蒟蒻,40.0,8
單點點心,檸檬蒟蒻,40.0,8
單點點心,抹茶紅豆米派,45.0,8
單點點心,北海道栗南瓜可樂餅,45.0,8
單點飲品,冰紅茶【L】(甜度無法調整),40.0,8
單點飲品,100%台灣冰綠茶【L】(無糖),40.0,8
單點飲品,可樂【L】,35.0,8
單點飲品,雪碧【L】,35.0,8
單點飲品,100%新鮮橘子汁【M】(不加冰),80.0,8
單點飲品,玉米濃湯,40.0,8
單點飲品,冰拿鐵咖啡【L】,80.0,8
單點飲品,熱拿鐵咖啡【L】,80.0,8
單點飲品,熱摩斯奶茶【M】,60.0,8
單點飲品,冰摩斯咖啡【L】,60.0,8
單點飲品,柚子冰茶,75.0,8
單點飲品,摩斯玄米煎茶,45.0,8
單點飲品,摩斯熱紅茶,40.0,8
單點飲品,青梅蜜桃氣泡飲,75.0,8
單點飲品,豚汁蔬菜湯,55.0,8
單點飲品,冰黑糖特調拿鐵咖啡【L】,85.0,8
單點飲品,熱黑糖特調茶歐蕾【L】,85.0,8
單點飲品,熱黑糖特調拿鐵咖啡【L】,85.0,8
單點飲品,冰黑糖特調茶歐蕾【L】,85.0,8
單點飲品,牛肝蕈洋蔥湯(含牛肉粉),65.0,8
單點飲品,紅鑽藜麥可可,55.0,8
產品資訊(僅供參考，請勿下單),藜麥海洋珍珠堡*產品資訊,0.0,8
產品資訊(僅供參考，請勿下單),台灣里肌豬排堡*產品資訊,0.0,8
產品資訊(僅供參考，請勿下單),厚切培根牛肉堡*產品資訊,0.0,8
產品資訊(僅供參考，請勿下單),藜麥元氣牛肉珍珠堡*產品資訊,0.0,8
產品資訊(僅供參考，請勿下單),台灣嫩肩豬珍珠堡*產品資訊,0.0,8
產品資訊(僅供參考，請勿下單),摩斯鱈魚堡*產品資訊,0.0,8
產品資訊(僅供參考，請勿下單),藜麥杏鮑菇珍珠堡【素】*產品資訊,0.0,8
產品資訊(僅供參考，請勿下單),北海道栗南瓜可樂餅*產品資訊,0.0,8
產品資訊(僅供參考，請勿下單),紫薯栗子可樂餅【3個】*產品資訊,0.0,8
產品資訊(僅供參考，請勿下單),摩斯雞塊【5個】*產品資訊,0.0,8
產品資訊(僅供參考，請勿下單),冰紅茶【L】(甜度無法調整)*產品資訊,0.0,8
產品資訊(僅供參考，請勿下單),100%台灣冰綠茶【L】(無糖)*產品資訊,0.0,8
產品資訊(僅供參考，請勿下單),北海道可樂餅*產品資訊,0.0,8
產品資訊(僅供參考，請勿下單),可樂【L】*產品資訊,0.0,8
產品資訊(僅供參考，請勿下單),柚子冰茶*產品資訊,0.0,8
產品資訊(僅供參考，請勿下單),摩斯熱紅茶*產品資訊,0.0,8
產品資訊(僅供參考，請勿下單),摩斯玄米煎茶*產品資訊,0.0,8
產品資訊(僅供參考，請勿下單),冰摩斯咖啡【L】*產品資訊,0.0,8
產品資訊(僅供參考，請勿下單),冰拿鐵咖啡【L】*產品資訊,0.0,8
產品資訊(僅供參考，請勿下單),熱拿鐵咖啡【L】*產品資訊,0.0,8
產品資訊(僅供參考，請勿下單),熱摩斯奶茶【M】*產品資訊,0.0,8
產品資訊(僅供參考，請勿下單),冰黑糖特調拿鐵咖啡【L】*產品資訊,0.0,8
產品資訊(僅供參考，請勿下單),熱黑糖特調拿鐵咖啡【L】*產品資訊,0.0,8
產品資訊(僅供參考，請勿下單),冰黑糖特調茶歐蕾【L】*產品資訊,0.0,8
產品資訊(僅供參考，請勿下單),熱黑糖特調茶歐蕾【L】*產品資訊,0.0,8
產品資訊(僅供參考，請勿下單),牛肝蕈洋蔥湯(含牛肉粉)*產品資訊,0.0,8
產品資訊(僅供參考，請勿下單),豚汁蔬菜湯*產品資訊,0.0,8
排行榜,觀音拿鐵,65.0,9
排行榜,翡翠檸檬,60.0,9
排行榜,珍珠奶茶,60.0,9
排行榜,新鮮水果茶,65.0,9
排行榜,芋香翡翠拿鐵,65.0,9
拿鐵茶,翡翠拿鐵,65.0,9
拿鐵茶,紅茶拿鐵,65.0,9
拿鐵茶,冬瓜拿鐵,60.0,9
拿鐵茶,紅茶珍珠拿鐵,70.0,9
拿鐵茶,紅豆拿鐵,65.0,9
拿鐵茶,珍珠紅豆拿鐵,70.0,9
拿鐵茶,翡翠珍珠拿鐵,70.0,9
拿鐵茶,觀音珍珠拿鐵,70.0,9
冬季限定,桂圓紅棗茶,70.0,9
冬季限定,紫米紅豆拿鐵,70.0,9
燕麥系列,燕麥紅茶,45.0,9
燕麥系列,燕麥鐵觀音,50.0,9
燕麥系列,燕麥紅茶拿鐵 ,70.0,9
燕麥系列,燕麥觀音拿鐵 ,70.0,9
功夫系列,鮮桔檸檬,60.0,9
功夫系列,功夫茶拿鐵,70.0,9
功夫系列,東方美人,65.0,9
功夫系列,珍珠冬瓜觀音,55.0,9
原味茶,茉香綠茶,35.0,9
原味茶,包種清茶,40.0,9
原味茶,特級翡翠綠,40.0,9
原味茶,碳燒鐵觀音,40.0,9
原味茶,珍珠紅茶,45.0,9
原味茶,珍珠綠茶,45.0,9
原味茶,蔗香紅茶,35.0,9
原味茶,黃金輕焙烏龍,35.0,9
原味茶,功夫紅茶,40.0,9
奶香茶,蔗香奶茶,50.0,9
奶香茶,珍珠奶綠,60.0,9
奶香茶,特級奶綠,55.0,9
奶香茶,豆漿奶茶,50.0,9
奶香茶,鐵觀音奶茶,55.0,9
奶香茶,觀音波霸奶茶,60.0,9
奶香茶,布丁奶茶,60.0,9
鮮調茶,青檸烏龍,55.0,9
鮮調茶,檸檬紅茶,60.0,9
鮮調茶,檸檬蘆薈蜜,65.0,9
鮮調茶,檸檬蜜茶,60.0,9
鮮調茶,冬瓜檸檬,55.0,9
調味茶,冬瓜鐵觀音,45.0,9
調味茶,豆漿紅茶,45.0,9
調味茶,蜜香清茶,55.0,9
調味茶,百香綠茶,55.0,9
調味茶,蜂蜜綠茶,55.0,9
調味茶,梅好冬瓜,55.0,9
調味茶,水蜜桃纖果綠,75.0,9
調味茶,蜜香烏龍,55.0,9
調味茶,養樂多綠茶,60.0,9
調味茶,青梅凍飲,50.0,9
調味茶,蘋果百香多多,75.0,9
黑茶類,普洱茶,45.0,9
黑茶類,普洱紅茶,45.0,9
黑茶類,普洱翡翠綠,45.0,9
黑茶類,普洱鐵觀音,45.0,9
黑茶類,普洱奶茶,65.0,9
黑茶類,普洱拿鐵,70.0,9
季節限定,水蜜桃多多,75.0,9
單品茶,翡翠綠茶,40.0,10
單品茶,琥珀紅茶,40.0,10
單品茶,東方烏龍茶,40.0,10
單品茶,文山青茶,45.0,10
單品茶,鐵觀音,45.0,10
單品茶,老陳普洱茶,45.0,10
單品茶,頂級老陳普洱,50.0,10
單品茶,岡山白桃烏龍,50.0,10
單品茶,貴妃荔枝香茶,50.0,10
單品茶,夢幻波斯果茶,55.0,10
重乳口感,日向紅豆牛奶,80.0,10
重乳口感,Honey Honey蜂蜜珍珠の牛乳,80.0,10
重乳口感,日向黑糖珍珠の牛乳,80.0,10
冠軍系列,美式,105.0,10
冠軍系列,咖啡歐蕾,125.0,10
冠軍系列,日向奶蓋咖啡,125.0,10
義大利麵,奶油燻雞麵,140.0,11
義大利麵,奶油嫩雞麵,140.0,11
義大利麵,奶油鮮菇麵,140.0,11
義大利麵,奶油明太子鮮蝦麵,200.0,11
義大利麵,茄汁燻雞麵,140.0,11
義大利麵,茄汁嫩雞麵,140.0,11
義大利麵,歐式咖哩燻雞麵,140.0,11
義大利麵,歐式咖哩嫩雞麵,140.0,11
燉飯系列,奶油嫩雞燉飯,140.0,11
燉飯系列,奶油鮮菇燉飯,140.0,11
燉飯系列,茄汁嫩雞燉飯,140.0,11
燉飯系列,歐式奶香咖喱嫩雞燉飯,140.0,11
飲品,招牌紅茶,30.0,11
飲品,仙楂烏梅汁,50.0,11
飲品,檸檬紅茶,40.0,11
飲品,義巷奶茶,40.0,11
飲品,特調奶茶【薰衣草】,60.0,11
飲品,鮮奶茶,50.0,11
飲品,可口可樂,40.0,11
飲品,雪碧,40.0,11
飲品,心情雪碧,45.0,11
飲品,蘋果紅茶,50.0,11
飲品,香檸蜜茶,50.0,11
飲品,雲朵可可,60.0,11
飲品,黑糖牛乳,60.0,11
飲品,京都抹茶牛乳,70.0,11
飲品,熱美式咖啡,60.0,11
美味單點,手工麵包,15.0,11
美味單點,主廚濃湯,60.0,11
美味單點,美式脆薯,50.0,11
美味單點,麥克雞塊,50.0,11
美味單點,辣味雞米花,60.0,11
美味單點,酥炸洋蔥圈,60.0,11
美味單點,乳酪起司條,60.0,11
美味單點,炸物拼盤,120.0,11
美味單點,多一點炸物拼盤,160.0,11
套餐,A套餐,0.0,12
套餐,B套餐,0.0,12
台式風味系列 · 拉麵,味噌拉麵,110.0,12
台式風味系列 · 拉麵,醬油拉麵,110.0,12
台式風味系列 · 拉麵,泡菜拉麵,120.0,12
台式風味系列 · 拉麵,勁爆麻辣拉麵,130.0,12
台式風味系列 · 拉麵,海鮮拉麵,130.0,12
台式風味系列 · 拉麵,奶油玉米拉麵,140.0,12
台式風味系列 · 拉麵,味噌海鮮拉麵,140.0,12
台式風味系列 · 拉麵,豚骨拉麵,140.0,12
台式風味系列 · 拉麵,牛肉拉麵,150.0,12
日式風味系列 · 拉麵,九州豚骨拉麵,218.0,12
日式風味系列 · 拉麵,札幌味噌拉麵,218.0,12
日式風味系列 · 拉麵,蒜味豚骨拉麵,218.0,12
日式風味系列 · 拉麵,地獄麻辣拉麵,218.0,12
拉麵雞排系列,味噌雞排拉麵,170.0,12
拉麵雞排系列,醬油雞排拉麵,170.0,12
拉麵雞排系列,豚骨雞排拉麵,199.0,12
拉麵雞排系列,蒜味雞汁雞排拉麵,248.0,12
拉麵豬排系列,味噌豬排拉麵,190.0,12
拉麵豬排系列,醬油豬排拉麵,190.0,12
拉麵豬排系列,豚骨豬排拉麵,210.0,12
拉麵豬排系列,蒜味雞汁豬排拉麵,268.0,12
拉麵唐揚雞系列,味噌唐揚雞拉麵,150.0,12
拉麵唐揚雞系列,醬油唐揚雞拉麵,150.0,12
拉麵唐揚雞系列,豚骨唐揚雞拉麵,180.0,12
拉麵唐揚雞系列,蒜味雞汁唐揚雞拉麵,228.0,12
選項,金門溫體酒糟牛肉麵,218.0,12
選項,紅燒酒糟牛肉麵,248.0,12
選項,辣湯酒糟牛肉麵,248.0,12
選項,十全猛男牛肉麵,388.0,12
選項,勁爆麻辣拉麵,170.0,12
選項,海鮮拉麵,170.0,12
選項,豚骨拉麵,180.0,12
選項,九州豚骨拉麵,258.0,12
選項,蒜味豚骨拉麵,258.0,12
選項,味噌雞排拉麵,210.0,12
選項,醬油雞排拉麵,210.0,12
選項,豚骨雞排拉麵,239.0,12
選項,味噌豬排拉麵,230.0,12
選項,醬油豬排拉麵,230.0,12
選項,豚骨豬排拉麵,250.0,12
選項,味噌唐揚雞拉麵,190.0,12
選項,醬油唐揚雞拉麵,190.0,12
選項,豚骨唐揚雞拉麵,220.0,12
熱銷商品,起司燒肉熱壓吐司,58.5,13
熱銷商品,里肌豬排乳酪餅,58.5,13
熱銷商品,起司麥香雞排熱壓漢堡,63.0,13
熱銷商品,泡菜豬肉蛋餅,58.5,13
熱壓系列,起司果醬【草莓】,36.0,13
熱壓系列,起司果醬【花生】,36.0,13
熱壓系列,起司果醬【巧克力】,36.0,13
熱壓系列,起司嫩蛋,45.0,13
熱壓系列,起司哈姆,49.5,13
熱壓系列,起司培根,49.5,13
熱壓系列,起司鮪魚,49.5,13
熱壓系列,起司地瓜,54.0,13
熱壓系列,起司薯餅,58.5,13
熱壓系列,起司燻雞,58.5,13
熱壓系列,起司里肌,58.5,13
熱壓系列,起司燒肉,58.5,13
熱壓系列,起司麥香雞排,58.5,13
熱壓系列,起司泡菜豬肉,63.0,13
熱壓系列,起司鱈魚,67.5,13
熱壓系列,起司烙印雞腿排,72.0,13
熱壓系列,起司厚切豬肉,72.0,13
熱壓系列,起司厚切牛肉,76.5,13
熱壓系列,起司咔拉雞腿,85.5,13
招牌早安,魔鬼咖啡套餐,88.2,13
招牌早安,聖馬可套餐,88.2,13
招牌早安,蘿蔔糕套餐,88.2,13
招牌早安,太陽蛋套餐,88.2,13
大分量早午餐,阿拉斯加加鱈魚套餐,97.2,13
大分量早午餐,吐司總匯套餐,97.2,13
大分量早午餐,漢堡薯條套餐,97.2,13
大分量早午餐,天使炸物套餐,115.2,13
大分量早午餐,羅馬牛肉套餐,124.2,13
大分量早午餐,雙衛培根烙印佛卡夏套餐,151.2,13
大分量早午餐,雙層牛肉巧巴達套餐,160.2,13
丹麥手工卷套餐,丹麥手工鐵板牛肉卷套餐,115.2,13
丹麥手工卷套餐,丹麥手工起司香煎里肌卷套餐,115.2,13
丹麥手工卷套餐,丹麥手工烙印雞腿排卷套餐,115.2,13
壽喜燒套餐,燒肉飯,89.1,13
壽喜燒套餐,泡菜豬肉飯,89.1,13
壽喜燒套餐,里肌豬排飯,89.1,13
壽喜燒套餐,麥香雞排飯,98.1,13
壽喜燒套餐,雞腿排飯,98.1,13
壽喜燒套餐,牛肉漢堡排飯,98.1,13
壽喜燒套餐,咔拉雞腿排飯,107.1,13
加點台味,原味蛋餅,31.5,13
加點台味,玉米蛋餅,36.0,13
加點台味,鮪魚蛋餅,40.5,13
加點台味,起司蛋餅,40.5,13
加點台味,蘿蔔糕2片,45.0,13
加點台味,果醬乳酪餅,40.5,13
加點台味,嫩蛋乳酪餅,40.5,13
加點台味,哈姆蛋餅,49.5,13
加點台味,燒肉蛋餅,49.5,13
卷餅燒,嫩蛋卷餅燒,49.5,13
卷餅燒,乳酪卷餅燒,54.0,13
卷餅燒,燻雞卷餅燒,58.5,13
卷餅燒,里肌卷餅燒,63.0,13
卷餅燒,鮪魚卷餅燒,63.0,13
卷餅燒,牛肉堡排卷餅燒,76.5,13
大阪炒麵,太陽煎蛋大阪炒麵,72.0,13
大阪炒麵,煙草燻雞大阪炒麵,81.0,13
大阪炒麵,香燻培根大阪炒麵,81.0,13
大阪炒麵,里肌豬排大阪炒麵,81.0,13
大阪炒麵,麥香雞排大阪炒麵,81.0,13
大阪炒麵,美式牛肉堡排大阪炒麵,90.0,13
美味加料,檸檬雞柳(2條),45.0,13
美味加料,黃金薯條,45.0,13
美味加料,加拿大薯餅,45.0,13
美味加料,酥炸雞塊,45.0,13
美味加料,小熱狗,45.0,13
美味加料,鱈魚條(2條),49.5,13
美味加料,香草薯丸,49.5,13
沙拉,香草雞排沙拉,67.5,13
沙拉,燻雞肉沙拉,67.5,13
沙拉,檸檬雞柳沙拉,72.0,13
沙拉,鱈魚條沙拉,76.5,13
高麗菜蛋餅,高麗菜多多蛋餅,45.0,13
高麗菜蛋餅,起司高麗菜蛋餅,54.0,13
高麗菜蛋餅,哈姆高麗菜蛋餅,63.0,13
高麗菜蛋餅,烤肉高麗菜蛋餅,72.0,13
高麗菜蛋餅,燒肉高麗菜蛋餅,76.5,13
熱壓沙威瑪,蔥爆燒肉沙威瑪,63.0,13
熱壓沙威瑪,泡菜豬肉沙威瑪,63.0,13
熱壓沙威瑪,煙燻雞肉沙威瑪,63.0,13
好喝飲品,女王紅茶,22.5,13
好喝飲品,女王奶茶,27.0,13
好喝飲品,咖啡牛奶,31.5,13
好喝飲品,美式巧克力,31.5,13
好喝飲品,紅茶牛奶,31.5,13
好喝飲品,美式咖啡360c.c,31.5,13
獨門招牌套餐,招牌豬肉,130.0,14
獨門招牌套餐,招牌牛肉,135.0,14
獨門招牌套餐,招牌蝦蛋牛,175.0,14
獨門招牌套餐,招牌蝦蛋豬,170.0,14
麻辣燙套餐,麻辣牛肉鍋,135.0,14
麻辣燙套餐,麻辣豬肉鍋,130.0,14
麻辣燙套餐,麻辣蝦蛋牛,175.0,14
麻辣燙套餐,麻辣蝦蛋豬,170.0,14
和風燙套餐,和風牛肉鍋,135.0,14
和風燙套餐,和風豬肉鍋,130.0,14
和風燙套餐,和風蝦蛋牛,175.0,14
和風燙套餐,和風蝦蛋豬,170.0,14
麻辣鴨血超值套餐,麻辣鴨血超值餐,120.0,14
麻辣鴨血超值套餐,麻辣豆腐超值餐,120.0,14
麻辣鴨血超值套餐,麻辣臭豆腐超值餐,120.0,14
麻辣鴨血超值套餐,麻辣雙饗,120.0,14
麻辣鴨血超值套餐,麻辣雙拼,120.0,14
人氣王新品,黑蒜油拉麵,139.0,15
原味系列,鬼匠豚骨拉麵,109.0,15
原味系列,鬼匠味噌拉麵,109.0,15
原味系列,鬼醬醬油拉麵,109.0,15
原味系列,鬼匠泡菜拉麵【辣】,119.0,15
原味系列,鬼匠地獄拉麵【辣】,119.0,15
原味系列,鬼匠蒙古紅湯拉麵【辣】,119.0,15
蒜香系列,蒜香豚骨拉麵,119.0,15
蒜香系列,蒜香味噌拉麵,119.0,15
蒜香系列,蒜香醬油拉麵,119.0,15
蒜香系列,蒜香焰遇拉麵【辣】,129.0,15
蒜香系列,蒜香地獄拉麵【辣】,129.0,15
蒜香系列,蒜香蒙古紅湯拉麵【辣】,129.0,15
人氣王,鮮蝦拉麵,209.0,15
人氣王,蒜香極究大盛拉麵,159.0,15
人氣王,極究大盛拉麵,149.0,15
蒜香雪花牛/豬系列,蒜香豚骨雪花牛拉麵,209.0,15
蒜香雪花牛/豬系列,蒜香焰遇雪花牛拉麵【辣】,219.0,15
蒜香雪花牛/豬系列,蒜香地獄雪花牛拉麵【辣】,219.0,15
蒜香雪花牛/豬系列,蒜香蒙古紅湯雪花牛拉麵【辣】,219.0,15
蒜香雪花牛/豬系列,蒜香蒙古紅湯雪花豬【辣】,219.0,15
蒜香雪花牛/豬系列,蒜香地獄雪花豬拉麵【辣】,219.0,15
蒜香雪花牛/豬系列,蒜香焰遇雪花豬拉麵【辣】,219.0,15
蒜香雪花牛/豬系列,蒜香豚骨雪花豬拉麵,209.0,15
單點,溏心蛋,20.0,15
單點,叉燒肉,35.0,15
燒烤區,沙嗲牛肉串,35.0,16
燒烤區,沙嗲羊肉串,35.0,16
燒烤區,沙嗲豬肉串,35.0,16
燒烤區,紐奧良雞翅,35.0,16
燒烤區,金門香腸,35.0,16
燒烤區,烤泰國蝦,600.0,16
燒烤區,烤泰國蝦,300.0,16
新品上市,松露雞白湯拉麵,149.0,17
新品上市,炭燒厚切黑椒叉燒拉麵,139.0,17
新品上市,炭燒雞腿排豚骨拉麵,135.0,17
新品上市,炭燒雞腿排丼飯,108.0,17
重磅登場,力士肉多多拉麵,139.0,17
重磅登場,韓國泡菜豚骨拉麵,119.0,17
重磅登場,十勝香濃牛奶拉麵,129.0,17
夢幻濃厚系,赤虎拉麵,145.0,17
夢幻濃厚系,特濃招牌豚骨拉麵,140.0,17
夢幻濃厚系,特濃地獄拉麵,140.0,17
夢幻濃厚系,夜虎拉麵,135.0,17
夢幻濃厚系,特濃味噌拉麵,135.0,17
六大招牌,北海道味噌拉麵,135.0,17
六大招牌,干貝豚骨拉麵,129.0,17
六大招牌,辣味噌豚骨拉麵,119.0,17
六大招牌,蛤蜊拉麵,109.0,17
六大招牌,地獄拉麵,100.0,17
六大招牌,招牌豚骨拉麵,95.0,17
特製拉麵,熊本黑蒜拉麵,109.0,17
特製拉麵,名古屋台灣拉麵,105.0,17
特製拉麵,赤鬼担担麵,100.0,17
特製拉麵,蝦 豚骨拉麵,119.0,17
經典拉麵,醬油豚骨拉麵,100.0,17
經典拉麵,味噌拉麵,100.0,17
經典拉麵,大江戶沾麵,95.0,17
經典拉麵,和風拉麵,89.0,17
經典拉麵,醬油拉麵,69.0,17
桌桌必點,和風日式炸雞,78.0,17
桌桌必點,特製豬排,65.0,17
桌桌必點,酥皮豆腐,60.0,17
桌桌必點,艾曼塔起司薯條,49.0,17
一品料理,特製韓國泡菜,49.0,17
一品料理,味噌時蔬,49.0,17
一品料理,川燙鮮蔬,45.0,17
一品料理,松露舒肥雞肉,95.0,17
一品料理,松露雞肉叉燒,49.0,17
一品料理,炭燒厚切黑椒叉燒,49.0,17
唐揚炸物,唐揚雞腿排,89.0,17
唐揚炸物,春川起司炸雞,89.0,17
唐揚炸物,北海道起司豬排,70.0,17
唐揚炸物,唐揚叻沙腿排,70.0,17
唐揚炸物,咖哩可樂餅,60.0,17
唐揚炸物,鱈蟹天婦羅,59.0,17
唐揚炸物,蔬菜可樂餅,45.0,17
唐揚炸物,甜不辣,45.0,17
飯和丼飯,黑咖哩雞/豬排飯,135.0,17
飯和丼飯,牛奶咖哩雞/豬排飯,135.0,17
飯和丼飯,唐揚雞腿排丼飯,139.0,17
飯和丼飯,唐揚豬排丼飯,109.0,17
飯和丼飯,炙燒豬肉丼飯,99.0,17
飯和丼飯,辣味噌叉燒飯,45.0,17
飯和丼飯,滿腹大盛牛丼,135.0,17
單品,高湯,35.0,17
單品,特濃高湯,55.0,17
鍋燒系列,初心原味鍋燒,110.0,19
鍋燒系列,古早沙茶鍋燒,130.0,19
鍋燒系列,韓式泡菜鍋燒,130.0,19
鍋燒系列,特製咖哩鍋燒,130.0,19
鍋燒系列,祖傳椒麻鍋燒,130.0,19
鍋燒系列,牛奶起司鍋燒,130.0,19
乾拌系列,原味鍋燒拌麵,120.0,19
乾拌系列,沙茶鍋燒拌麵,140.0,19
乾拌系列,泡菜鍋燒拌麵,140.0,19
乾拌系列,椒麻鍋燒拌麵,140.0,19
小菜,燙青菜,40.0,19
小菜,泡菜,40.0,19
小菜,傳統小菜,40.0,19
鍋燒系列,鍋燒意麵,90.0,20
鍋燒系列,鍋燒冬粉,90.0,20
鍋燒系列,鍋燒烏龍,90.0,20
鍋燒系列,鍋燒泡麵,90.0,20
鍋燒系列,鍋燒泡飯,90.0,20
鍋物系列,大腸臭臭鍋,140.0,20
鍋物系列,特製鴨血鍋,160.0,20
鍋物系列,海底撈麻辣香香鍋,160.0,20
鍋物系列,原味小火鍋,140.0,20
鍋物系列,台式泡菜鍋,140.0,20
鍋物系列,起司鮮奶鍋,180.0,20
鍋物系列,韓式泡菜鍋,180.0,20
單點區,牛五花,50.0,20
單點區,豬梅花,50.0,20
單點區,羊肉捲,50.0,20
單點區,白蝦,50.0,20
單點區,魚包蛋,50.0,20
單點區,龍蝦沙拉球,50.0,20
單點區,燕餃,30.0,20
單點區,蛋餃,30.0,20
單點區,貢丸,30.0,20
單點區,豆皮,30.0,20
單點區,鴨血,30.0,20
單點區,米血,30.0,20
單點區,起司,30.0,20
單點區,鑫鑫腸,30.0,20
單點區,魚豆腐,30.0,20
單點區,臭豆腐,30.0,20
單點區,凍豆腐,30.0,20
單點區,金針菇,30.0,20
單點區,高麗菜,30.0,20
單點區,青江菜,30.0,20
單點區,大陸妹,30.0,20
單點區,地瓜葉,30.0,20
單點區,杏鮑菇,30.0,20
單點區,玉米筍,30.0,20
單點區,茼蒿,30.0,20
單點區,蛤蜊,30.0,20
單點區,意麵,20.0,20
單點區,冬粉,20.0,20
單點區,烏龍麵,20.0,20
單點區,泡麵,20.0,20
單點區,白飯,10.0,20
單點區,雞蛋,10.0,20
炸物區,豆乳棒棒腿,100.0,20
炸物區,豆乳小雞翅,100.0,20
炸物區,雞塊,50.0,20
炸物區,薯條,50.0,20
炸物區,熱狗,30.0,20
炸物區,黑輪,30.0,20
炸物區,炸米血,30.0,20
套餐類,拉麵,30.0,21
單點調味區,如需調整⼝味請點此，若無點選則以店家調製爲主。,0.0,21
單點區,米血,20.0,21
單點區,芋粿巧,20.0,21
單點區,花干,20.0,21
單點區,金門老油條,20.0,21
單點區,豆皮,20.0,21
單點區,豬肉,30.0,21
單點區,牛肉,30.0,21
單點區,煙燻豬頭皮,30.0,21
單點區,任選三個$25,25.0,21
單點區,鑫鑫腸,5.0,21
單點區,魚卵卷,5.0,21
單點區,燕餃,5.0,21
單點區,魚餃,5.0,21
單點區,蟳味棒,5.0,21
單點區,黃金魚丸,5.0,21
單點區,雞心,20.0,21
單點區,雞腱,20.0,21
單點區,油豆腐,5.0,21
單點區,蒟蒻卷,5.0,21
單點區,蝦球,5.0,21
單點區,玉米筍,30.0,21
單點區,杏鮑菇,30.0,21
單點區,花椰菜,30.0,21
單點區,金針菇,15.0,21
單點區,王子麵,20.0,21
單點區,冬粉,20.0,21
單點區,意麵,20.0,21
單點區,蒸煮麵,30.0,21
單點區,綜合鴨血豆腐,60.0,21
單點區,麻辣鴨血,40.0,21
單點區,麻辣豆腐,40.0,21
單點區,北海赤,5.0,21
單點區,凍豆腐,5.0,21
單點區,雞腿肉,30.0,21
單點區,羊肉片,30.0,21
單點區,鴨肉丸,5.0,21
單點區,蛋餃,5.0,21
單點區,百頁豆腐,20.0,21
單點區,木耳,30.0,21
單點區,龍蝦棒,10.0,21
單點區,黑輪,10.0,21
單點區,高麗菜,30.0,21
單點區,空心菜,30.0,21
單點區,大陸妹,30.0,21
單點區,水璉,30.0,21
單點區,金針菇,15.0,21
單點區,魚板,10.0,21
單點區,龍蝦沙拉,10.0,21
套餐,火腿熱壓吐司,65.0,22
套餐,戀戀纏棉花生熱壓吐司,45.0,22
套餐,熔岩巧克力熱壓吐司,45.0,22
套餐,甜蜜熱壓吐司,55.0,22
套餐,雞米花兒,95.0,22
套餐,雙醬爆漿熱壓吐司,50.0,22
套餐,雞塊,50.0,22
茶好韻,決明大麥,25.0,22
茶好韻,茉香綠茶,30.0,22
茶好韻,沐白紅茶,30.0,22
茶好韻,英式伯爵紅茶,30.0,22
茶好韻,翠玉青茶,30.0,22
茶好韻,鐵觀音烏龍茶,30.0,22
沐場茶拿鐵,伯爵紅茶拿鐵,45.0,22
沐場茶拿鐵,珍珠紅茶拿鐵,50.0,22
沐場茶拿鐵,布丁紅茶拿鐵,55.0,22
沐場茶拿鐵,仙草紅茶拿鐵,50.0,22
沐場茶拿鐵,紅豆紅茶拿鐵,55.0,22
沐場茶拿鐵,芋圓珍珠紅茶拿鐵,55.0,22
沐果特調,初日冬瓜茶,30.0,22
沐果特調,冬瓜青茶,40.0,22
沐果特調,冬瓜芋圓,40.0,22
沐果特調,冬瓜檸檬,45.0,22
沐果特調,小農尋蜜,45.0,22
沐果特調,金桔檸檬,50.0,22
沐果特調,蜂蜜檸檬,50.0,22
沐果特調,翡翠檸檬,55.0,22
沐果特調,甘蔗青茶,55.0,22
小農沐場鮮奶,黑糖鮮奶,60.0,22
小農沐場鮮奶,珍珠鮮奶,60.0,22
小農沐場鮮奶,仙草凍鮮奶,60.0,22
小農沐場鮮奶,紅豆鮮奶,60.0,22
小農沐場鮮奶,布丁鮮奶,60.0,22
小農沐場鮮奶,濃醇可可鮮奶,60.0,22
小農沐場鮮奶,冬瓜鮮奶,60.0,22
小農沐場鮮奶,草莓鮮奶,65.0,22
小農沐場鮮奶,抹茶鮮奶,65.0,22
小農沐場鮮奶,黑糖薑汁鮮奶,65.0,22
小農沐場鮮奶,芋圓仙草凍鮮奶,65.0,22
濃醇鮮豆乳,茉香綠茶鮮豆乳,45.0,22
濃醇鮮豆乳,沐白紅茶鮮豆乳,45.0,22
濃醇鮮豆乳,決明大麥鮮豆乳,45.0,22
濃醇鮮豆乳,伯爵紅茶鮮豆乳,45.0,22
濃醇鮮豆乳,翠玉青茶鮮豆乳,45.0,22
濃醇鮮豆乳,紅豆紅茶鮮豆乳,55.0,22
濃醇鮮豆乳,抹茶鮮豆乳,55.0,22
濃醇鮮豆乳,冬瓜鮮豆乳,50.0,22
濃醇鮮豆乳,布丁鮮豆乳,55.0,22
章魚燒（非店內價）,原味章魚燒,59.0,23
章魚燒（非店內價）,(人氣NO.1)海苔章魚燒,59.0,23
章魚燒（非店內價）,(愛辣必點)嗆辣墨西哥章魚燒,60.0,23
章魚燒（非店內價）,芥末章魚燒,59.0,23
章魚燒（非店內價）,辣味章魚燒,59.0,23
章魚燒（非店內價）,起士章魚燒,60.0,23
章魚燒（非店內價）,蜂蜜芥末章魚燒,60.0,23
章魚燒（非店內價）,泰式章魚燒,60.0,23
章魚燒（非店內價）,(新口味)肉鬆章魚燒,60.0,23
蝦仁燒（非店內價）,原味蝦仁燒,60.0,23
蝦仁燒（非店內價）,海苔蝦仁燒,60.0,23
蝦仁燒（非店內價）,(愛辣必點)嗆辣墨西哥蝦仁燒,65.0,23
蝦仁燒（非店內價）,芥末蝦仁燒,60.0,23
蝦仁燒（非店內價）,辣味蝦仁燒,60.0,23
蝦仁燒（非店內價）,起士蝦仁燒,65.0,23
蝦仁燒（非店內價）,蜂蜜芥末蝦仁燒,65.0,23
蝦仁燒（非店內價）,泰式蝦仁燒,65.0,23
蝦仁燒（非店內價）,(新口味)肉鬆蝦仁燒,65.0,23
菇菇燒（非店內價）,原味菇菇燒,55.0,23
菇菇燒（非店內價）,海苔菇菇燒,55.0,23
菇菇燒（非店內價）,(愛辣必點)嗆辣墨西哥菇菇燒,60.0,23
菇菇燒（非店內價）,芥末菇菇燒,55.0,23
菇菇燒（非店內價）,蜂蜜芥末菇菇燒,60.0,23
菇菇燒（非店內價）,辣味菇菇燒,55.0,23
菇菇燒（非店內價）,起士菇菇燒,60.0,23
菇菇燒（非店內價）,泰式菇菇燒,60.0,23
菇菇燒（非店內價）,(新口味)肉鬆菇菇燒,60.0,23
饗吃飯,蒜香炸排骨飯,110.0,24
饗吃飯,香酥蝦卷飯,100.0,24
饗吃飯,日式薄鹽鯖魚定食,155.0,24
饗吃飯,招牌台式海陸粥,120.0,24
饗吃丼,韓式泡菜豬肉丼,130.0,24
饗吃丼,蒲燒鯛魚腹丼,120.0,24
饗吃丼,月見豚五花丼,130.0,24
饗吃麵,招牌蔥油拌麵,65.0,24
饗吃麵,台式海鮮湯麵,110.0,24
饗吃麵,餛飩湯麵,70.0,24
饗吃麵,招牌戰地炒泡麵,80.0,24
饗吃麵,鮮蝦湯麵,120.0,24
饗喝湯,薑絲蛤蜊湯,60.0,24
饗喝湯,虱目魚丸湯,50.0,24
饗喝湯,貢丸湯,40.0,24
饗喝湯,餛飩湯,50.0,24
饗喝湯,時蔬蛋花湯,30.0,24
饗單點,唐揚炸雞,85.0,24
饗單點,蒜泥五花肉,85.0,24
饗單點,酥炸蝦卷,70.0,24
饗單點,香煎薄鹽鯖魚片,70.0,24
饗小菜,皮蛋豆腐,50.0,24
饗小菜,和風洋蔥干貝唇,50.0,24
饗小菜,燙時蔬,50.0,24
饗小菜,檸香涼拌小黃瓜,50.0,24
饗小菜,推！辣炒小魚乾炒豆干,50.0,24
饗小菜,豬耳朵,50.0,24
精緻套餐,雙層起司雞排堡,189.0,25
精緻套餐,米克斯雞排鬆餅三明治套餐,250.0,25
精緻套餐,楓糖鬆餅套餐［鬆餅+薯條+紅茶］,200.0,25
精緻套餐,炸雞翅套餐［炸雞翅6支+薯條+2罐可樂］,269.0,25
精緻套餐,組合套餐［炸物拼盤+炸雞翅6支+1.25L可樂］,529.0,25
精緻套餐,韓式辣子雞塊套餐［韓式雞塊+薯條+1罐可樂］,189.0,25
精緻套餐,組合套餐［烤雞翅8支+薯條+麥克雞塊+洋蔥圈+1.25L可樂］,469.0,25
精緻套餐,組合套餐［烤雞翅8支+麥克雞塊+薯條+2罐可樂］,359.0,25
美式炸物,薯條,50.0,25
美式炸物,蘿蔔糕,50.0,25
美式炸物,蒜炒毛豆,100.0,25
美式炸物,美式洋蔥圈,80.0,25
美式炸物,美國契型薯條,80.0,25
美式炸物,蜂蜜芥末雞柳條,100.0,25
美式炸物,麥克雞塊,100.0,25
美式炸物,炸雞翅,120.0,25
美式炸物,韓式辣子炸雞塊,160.0,25
美式炸物,炸物拼盤,299.0,25
特製燒烤,雞肉串,100.0,25
特製燒烤,骰子牛肉串,180.0,25
特製燒烤,獨家辣醬烤雞翅,250.0,25
特製燒烤,蒜香松阪豬肉,190.0,25
特製燒烤,烤透抽絲,190.0,25
茶果汁,紅茶,50.0,25
茶果汁,芒果冰紅茶【限冰飲 | 甜度固定】,70.0,25
茶果汁,煉乳紅茶【甜度固定】,70.0,25
茶果汁,檸檬冰鎮紅茶【限冰飲 | 甜度固定】,70.0,25
茶果汁,鮮奶茶,110.0,25
茶果汁,煉乳鮮奶茶【甜度固定】,130.0,25
茶果汁,可可鮮奶茶【甜度固定】,130.0,25
茶果汁,水果茶【甜度固定】,150.0,25
茶果汁,芒果雪露【限冰飲 | 甜度固定】,140.0,25
茶果汁,芒果蜜桃牛奶【限冰飲 | 甜度固定】,150.0,25
咖啡,美式咖啡,90.0,25
咖啡,拿鐵,120.0,25
咖啡,摩卡咖啡【甜度固定】,120.0,25
咖啡,煉乳拿鐵【甜度固定】,150.0,25
台式蛋餅,咔滋炸蛋餅(芝心鮪魚),60.0,26
台式蛋餅,原味蛋餅,30.0,26
台式蛋餅,紅藜蛋餅,35.0,26
台式蛋餅,玉米蛋餅,35.0,26
台式蛋餅,蔬菜蛋餅,45.0,26
台式蛋餅,火腿蛋餅,45.0,26
台式蛋餅,培根蛋餅,45.0,26
台式蛋餅,双蛋古早味蛋餅,50.0,26
台式蛋餅,鮪魚玉米蛋餅,50.0,26
台式蛋餅,里肌燒肉蛋餅,55.0,26
台式蛋餅,韓式雞柳蛋餅,65.0,26
台式蛋餅,和風烤雞腿蛋餅,65.0,26
台式蛋餅,鮮酥魚柳蛋餅,65.0,26
台式蛋餅,美式燻雞蛋餅,55.0,26
台式蛋餅,美式香腸蛋餅,60.0,26
台式蛋餅,柴魚肉鬆蛋餅,60.0,26
台式蛋餅,芝心披薩蛋餅,65.0,26
吐司,紅藜餐包,25.0,26
吐司,奶油吐司,20.0,26
吐司,草莓吐司,20.0,26
吐司,花生吐司,20.0,26
吐司,巧克力吐司,20.0,26
吐司,奶酥吐司,25.0,26
吐司,芝麻吐司,30.0,26
吐司,火腿吐司,30.0,26
吐司,肉鬆吐司,30.0,26
吐司,煎蛋吐司,30.0,26
吐司,薯餅吐司,45.0,26
吐司,鮪魚玉米吐司,50.0,26
吐司,培根吐司,45.0,26
吐司,里肌燒肉吐司,55.0,26
吐司,板烤雞肉吐司,55.0,26
吐司,哈姆燻雞吐司,55.0,26
吐司,洋芋燒肉吐司,65.0,26
丹麥吐司,芝麻丹麥吐司,45.0,26
丹麥吐司,火腿蛋丹麥吐司,55.0,26
丹麥吐司,香煎培根丹麥吐司,55.0,26
丹麥吐司,洋芋蔬菜丹麥吐司,60.0,26
法國吐司,法式芝麻吐司,50.0,26
法國吐司,法式肉鬆吐司,55.0,26
法國吐司,法式鮪魚吐司,60.0,26
陽光堡,美式雞堡,45.0,26
陽光堡,豬肉堡,45.0,26
陽光堡,夏威夷麥香雞堡,45.0,26
陽光堡,洋芋蔬菜堡,55.0,26
陽光堡,里肌燒肉堡,55.0,26
陽光堡,嫩煎雞柳堡,60.0,26
陽光堡,和風雞腿堡,60.0,26
陽光堡,黃金豬排堡,65.0,26
陽光堡,卡滋蝦堡,65.0,26
陽光堡,鮮酥魚柳堡,65.0,26
陽光堡,脆皮雞腿堡,65.0,26
陽光堡,美式牛肉堡,65.0,26
厚片,花生厚片,30.0,26
厚片,巧克力厚片,30.0,26
厚片,法式香蒜厚片,35.0,26
厚片,特調奶酥厚片,35.0,26
厚片,酥皮奶酥厚片,65.0,26
厚片,焗烤鮪魚厚片,70.0,26
厚片,焗烤燻雞厚片,70.0,26
厚片,焗烤培根厚片,70.0,26
總匯,日式總匯,70.0,26
總匯,原味總匯,70.0,26
總匯,鮪魚總匯,75.0,26
總匯,燒肉總匯,80.0,26
總匯,脆皮雞腿總匯,90.0,26
帕瑪森軟法,美式香腸軟法,65.0,26
帕瑪森軟法,起司蛋軟法,55.0,26
帕瑪森軟法,和風烤雞腿軟法,65.0,26
帕瑪森軟法,嫩煎雞柳軟法,60.0,26
米香堡,嫩煎雞柳米香堡,65.0,26
米香堡,和風烤雞腿米香堡,70.0,26
鬆餅,蜂蜜鬆餅,30.0,26
鬆餅,巧克力鬆餅,30.0,26
鬆餅,芝麻鬆餅,30.0,26
西式燒餅,蔬菜西式燒餅,50.0,26
西式燒餅,里肌燒肉西式燒餅,60.0,26
西式燒餅,哈姆燻雞西式燒餅,65.0,26
口袋餅,起司蛋口袋餅,50.0,26
口袋餅,嫩煎雞柳口袋餅,60.0,26
單點,蘿蔔糕,35.0,26
單點,蔥抓餅,35.0,26
單點,荷包蛋,15.0,26
單點,大火腿片,15.0,26
單點,四角薯餅,20.0,26
單點,小熱狗,25.0,26
單點,燒肉片,30.0,26
單點,薯條,35.0,26
單點,美式香腸,35.0,26
單點,麥克雞塊,35.0,26
單點,雞米花,45.0,26
單點,鮮酥魚柳,45.0,26
單點,黃金豬排,50.0,26
蛋包飯磚拼盤,黃金豬排飯磚,105.0,26
蛋包飯磚拼盤,嫩煎雞柳飯磚,105.0,26
蛋包飯磚拼盤,蛋包飯磚,60.0,26
招牌輕食拼盤,晨間香腸拼盤,90.0,26
招牌輕食拼盤,鄉村雞柳拼盤,95.0,26
招牌輕食拼盤,黃金豬排拼盤,105.0,26
招牌輕食拼盤,紐約起司牛排拼盤,120.0,26
招牌輕食拼盤,法式烤腿拼盤,120.0,26
招牌輕食拼盤,兒童綜合拼盤,65.0,26
招牌輕食拼盤,酥炸雞飛狗跳拼盤,85.0,26
招牌輕食拼盤,哈姆輕食拼盤,90.0,26
麵類,養生藥膳冬粉,100.0,26
麵類,經典鍋燒泡麵,90.0,26
麵類,鍋燒意麵,80.0,26
麵類,鍋燒雞絲,80.0,26
麵類,鍋燒冬粉,80.0,26
麵類,鍋燒烏龍麵,95.0,26
麵類,海洋拉麵,95.0,26
麵類,麻辣炒泡麵,85.0,26
麵類,台式炒泡麵,80.0,26
麵類,義大利肉醬麵,80.0,26
麵類,奶油培根義大利麵,80.0,26
麵類,日式炒烏龍麵,95.0,26
特調飲品,古早紅茶,20.0,26
特調飲品,古早奶茶,25.0,26
特調飲品,英式奶茶,25.0,26
特調飲品,鴛鴦奶茶,30.0,26
特調飲品,鮮奶茶,35.0,26
特調飲品,特調咖啡,30.0,26
特調飲品,鮮奶咖啡,45.0,26
特調飲品,豆漿,25.0,26
特調飲品,森林莓果茶,30.0,26
特調飲品,水果茶,30.0,26
特調飲品,山藥薏仁,30.0,26
特調飲品,原味調味乳,30.0,26
特調飲品,麥芽調味乳,30.0,26
特調飲品,草莓調味乳,30.0,26
特調飲品,巧克力調味乳,30.0,26
精選套餐,9吋披薩套餐【披薩+可樂兩罐】,359.0,27
精選套餐,9吋披薩套餐【披薩+薯條+可樂2罐】,399.0,27
精選套餐,9吋披薩套餐【披薩+BBQ烤雞翅(8支)+可樂兩罐】,538.0,27
精選套餐,9吋披薩套餐【2個披薩+BBQ烤雞翅(8支)+1.25L可樂】,819.0,27
精選套餐,9吋披薩套餐【3個披薩】,839.0,27
精選套餐,三明治套餐【含飲料】,165.0,27
精選套餐,牛肉漢堡+薯條+飲料,209.0,27
精選套餐,番茄香腸麵+飲料,179.0,27
精選套餐,小焗飯+飲料,229.0,27
精選套餐,小千層麵【牛】+飲料,199.0,27
精選套餐,焗烤肉薯條+飲料,140.0,27
精選套餐,墨西哥雞肉脆餅+飲料,239.0,27
精選套餐,酥皮雞肉派+飲料,169.0,27
精選套餐,印度烤餅佐肉醬+飲料,169.0,27
精選套餐,濃湯佐香蒜麵包,120.0,27
熬製湯底,手作麻辣湯,25.5,28
海鮮類,白蝦,68.0,28
海鮮類,魷魚,42.5,28
海鮮類,小卷,68.0,28
特選肉品類,豬肉片,38.25,28
特選肉品類,牛肉片,38.25,28
特選肉品類,肝連肉,38.25,28
特選肉品類,雞柳條,38.25,28
精滷饌品,精滷牛腱,42.5,28
精滷饌品,精滷大腸頭,42.5,28
精滷饌品,麻香鴨胗,42.5,28
精滷饌品,麻辣鴨血,25.5,28
精滷饌品,麻辣臭豆腐,25.5,28
精滷饌品,麻辣雞心,25.5,28
精滷饌品,精滷鴨腸,42.5,28
精滷饌品,精滷牛肚,42.5,28
精滷饌品,去皮雞脖子,42.5,28
精滷饌品,精滷豬肚,42.5,28
精滷饌品,麻辣脆管,42.5,28
精選豆製類,豆皮,17.0,28
精選豆製類,凍豆腐,17.0,28
精選豆製類,大豆干,17.0,28
精選豆製類,五香豆干,17.0,28
精選豆製類,腐竹,17.0,28
精選豆製類,百頁豆腐,17.0,28
精選豆製類,油豆腐,17.0,28
特級火鍋料,老油條,17.0,28
特級火鍋料,鵪鶉蛋,17.0,28
特級火鍋料,蝦餃,21.25,28
特級火鍋料,貢丸,21.25,28
特級火鍋料,手工米血糕,21.25,28
特級火鍋料,特製花枝漿,29.75,28
特級火鍋料,黑輪,21.25,28
特級火鍋料,蟹味棒,21.25,28
營養菇菇類,秀珍菇,25.5,28
營養菇菇類,杏鮑菇,25.5,28
營養菇菇類,金針菇,25.5,28
營養菇菇類,鮮香菇,25.5,28
季節時蔬,絲瓜,25.5,28
季節時蔬,高麗菜,25.5,28
季節時蔬,玉米筍,25.5,28
季節時蔬,青江菜,25.5,28
季節時蔬,藕片,25.5,28
季節時蔬,土豆,25.5,28
季節時蔬,龍鬚菜,29.75,28
季節時蔬,花椰菜,29.75,28
麵食類,統一脆麵,17.0,28
麵食類,蒸煮麵,21.25,28
麵食類,烏龍麵,21.25,28
麵食類,寬粉,21.25,28
麵食類,冬粉,17.0,28
麵食類,鹽水意麵,25.5,28
紅豆系列,濃情蜜相思鮮奶,75.0,29
紅豆系列,相思芝麻蜜鮮奶,75.0,29
紅豆系列,相思抹茶鮮奶,75.0,29
大甲芋頭,椰香圓圓芋鮮奶,80.0,29
大甲芋頭,椰香芋頭鮮奶,75.0,29
奶霜蓋茶,奶霜綠茶,55.0,29
奶霜蓋茶,奶霜青茶,55.0,29
奶霜蓋茶,奶霜抹茶,60.0,29
奶霜蓋茶,奶霜紅茶,55.0,29
奶茶,澄金黑糖奶茶,50.0,29
奶茶,蔗香奶茶,45.0,29
奶茶,澄糖圓圓奶茶,60.0,29
奶茶,波霸奶茶,55.0,29
奶茶,蜂蜜布丁奶茶,70.0,29
奶茶,黑糖布丁奶茶,70.0,29
澄金黑糖,入室抹茶鮮奶,70.0,29
澄金黑糖,入室波霸鮮奶,65.0,29
澄金黑糖,入室烏龍鮮奶,65.0,29
澄金黑糖,入室紅茶鮮奶,65.0,29
澄金黑糖,入室黑糖鮮奶,70.0,29
澄金黑糖特濃,入室特濃波霸鮮奶,65.0,29
澄金黑糖特濃,入室特濃紅茶鮮奶,65.0,29
澄金黑糖特濃,入室特濃烏龍鮮奶,65.0,29
澄金黑糖特濃,入室特濃抹茶鮮奶,70.0,29
澄金黑糖特濃,入室特濃黑糖鮮奶,70.0,29
單品茶,紅玉紅茶,35.0,29
單品茶,翡翠綠茶,35.0,29
單品茶,四季春茶,35.0,29
單品茶,蜜香烏龍,35.0,29
夏日優優,百香多多優格,75.0,29
夏日優優,檸檬多多優格,75.0,29
夏日優優,芒果鮮奶優優,90.0,29
果味茶,入室望梅綠茶,55.0,29
果味茶,望梅紅茶,55.0,29
果味茶,望梅青茶,55.0,29
果味茶,望梅烏龍茶,55.0,29
果味茶,百香紅茶,50.0,29
果味茶,百香綠茶,50.0,29
果味茶,百香青茶,50.0,29
果味茶,檸檬紅茶,50.0,29
果味茶,檸檬綠茶,50.0,29
果味茶,檸檬青茶,50.0,29
果味茶,冬瓜檸檬,50.0,29
果味茶,冬瓜紅茶,45.0,29
果味茶,冬瓜綠茶,45.0,29
果味茶,冬瓜青茶,45.0,29
果味茶,冬瓜烏龍,45.0,29
果味茶,多多綠茶,50.0,29
果味茶,檸檬蜜蘆薈,55.0,29
果味茶,百香多多綠茶,60.0,29
果味茶,檸檬多多,60.0,29
澄室咖啡系列,澄果美式,55.0,29
澄室咖啡系列,澄橙美式,55.0,29
澄室咖啡系列,澄室拿鐵,65.0,29
澄室咖啡系列,蜂蜜厚拿鐵,70.0,29
日式牛奶棒,巧克力日式牛奶棒,35.0,29
日式牛奶棒,黑糖日式牛奶棒,35.0,29
日式牛奶棒,起司日式牛奶棒,35.0,29
日式牛奶棒,奶酥日式牛奶棒,35.0,29
精緻餐點,日式咖哩可樂餅,120.0,30
精緻餐點,黃金脆薯,89.0,30
精緻餐點,韓式炸雞【果釀辣醬】,99.0,30
精緻餐點,韓式炸雞組合餐【果釀辣醬】,169.0,30
精緻餐點,經典瑪格麗特披薩【4片】,99.0,30
精緻餐點,經典瑪格麗特披薩【8片】,189.0,30
精緻餐點,蜂蜜起司薄餅【4片】,99.0,30
精緻餐點,蜂蜜起司薄餅【8片】,189.0,30
精緻弁當,正宗日式關西風燒肉丼飯【牛】,150.0,30
精緻弁當,正宗日式關西風燒肉丼飯【豬】,130.0,30
精緻弁當,正宗日式關西風燒肉丼飯【羊】,140.0,30
精緻弁當,韓式泡菜燒肉蓋飯【牛】,120.0,30
精緻弁當,韓式泡菜燒肉蓋飯【豬】,100.0,30
精緻弁當,韓式泡菜燒肉蓋飯【羊】,110.0,30
精緻弁當,韓式炸雞蓋飯【果釀辣醬】,140.0,30
精緻弁當,韓式香辣豆腐鍋【牛】,180.0,30
精緻弁當,韓式香辣豆腐鍋【豬】,180.0,30
義式冰淇淋,金門牛奶冰淇淋,60.0,31
義式冰淇淋,巧克力冰淇淋,60.0,31
義式冰淇淋,草莓冰淇淋,60.0,31
精緻小吃,無骨鹽酥雞,60.0,32
精緻小吃,深海大魷魚,60.0,32
精緻小吃,美國脆薯,60.0,32
精緻小吃,甜不辣,60.0,32
精緻小吃,脆皮雞排,70.0,32
精緻小吃,骰子雞球,50.0,32
精緻小吃,四季豆,35.0,32
精緻小吃,脆皮雞翅,30.0,32
精緻小吃,脆皮花枝丸,30.0,32
精緻小吃,脆皮大熱狗,30.0,32
精緻小吃,脆皮燻腸,30.0,32
精緻小吃,煉乳銀絲捲,30.0,32
精緻小吃,里肌排,25.0,32
精緻小吃,蛋黃芋丸,25.0,32
精緻小吃,脆皮杏鮑菇,25.0,32
精緻小吃,脆皮糯米腸,25.0,32
精緻小吃,百頁豆腐,20.0,32
精緻小吃,大溪豆干,20.0,32
精緻小吃,黃金薯餅,20.0,32
精緻小吃,脆皮米血糕,20.0,32
精緻小吃,脆皮蘿蔔糕,20.0,32
精緻小吃,雞皮,30.0,32
精緻小吃,雞屁股,40.0,32
精緻小吃,醬燒雞心,40.0,32
精緻小吃,甘梅地瓜條,60.0,32
精緻小吃,柳葉魚,50.0,32
單點,單點溫泉蛋,30.0,33
單點,麻辣火鍋組( 生食）,490.0,33
單點,單點鴨血豆腐,130.0,33
單點,單點黃金泡菜,180.0,33
單點,單點麻辣底料,290.0,33
老茶莊配方,茉莉綠茶,24.0,34
老茶莊配方,古早味紅茶,24.0,34
老茶莊配方,四季春茶,24.0,34
老茶莊配方,蜂蜜烏龍,32.0,34
老茶莊配方,蜂蜜普洱,32.0,34
老茶莊配方,桂花烏龍,32.0,34
老茶莊配方,桂花紅茶,32.0,34
老茶莊配方,冬瓜菊花,32.0,34
老茶莊配方,洛神蜂蜜菊花,32.0,34
老茶莊配方,皇室伯爵茶,24.0,34
鮮奶茶系列,桂花鮮奶茶,48.0,34
鮮奶茶系列,玫瑰鮮奶茶,48.0,34
鮮奶茶系列,蜂蜜普洱鮮奶茶,48.0,34
鮮奶茶系列,黑糖珍珠鮮奶,48.0,34
鮮奶茶系列,伯爵鮮奶茶,40.0,34
鮮奶茶系列,宇治抹茶,64.0,34
鮮奶茶系列,提拉米蘇鮮奶茶,64.0,34
鮮奶茶系列,原味鮮奶茶,40.0,34
纖果茶系列,蔗香檸檬,44.0,34
纖果茶系列,甘蔗青茶,44.0,34
纖果茶系列,柚柚青茶,40.0,34
纖果茶系列,香柚荔枝水果茶,40.0,34
纖果茶系列,椪柑荔枝青茶,44.0,34
纖果茶系列,鳳梨百香綠茶,44.0,34
纖果茶系列,鳳香果茶,44.0,34
纖果茶系列,荔枝冰茶,44.0,34
氣泡飲系列,金桔桂花氣泡飲,48.0,34
氣泡飲系列,莓果洛神氣泡飲,48.0,34
氣泡飲系列,冬瓜檸檬氣泡飲,48.0,34
氣泡飲系列,香柚檸檬氣泡飲,48.0,34
咖啡系列,美式,40.0,34
咖啡系列,拿鐵,48.0,34
咖啡系列,蜂蜜美式,44.0,34
咖啡系列,黑糖咖啡拿鐵,56.0,34
咖啡系列,海鹽焦糖拿鐵,64.0,34
咖啡系列,焦糖瑪奇朵,64.0,34
尖叫限定,櫻花荔枝氣泡飲,56.0,34
尖叫限定,厚奶蓋,32.0,34
尖叫限定,柚香洋甘菊,40.0,34
尖叫限定,紫米燕麥鮮奶,52.0,34
尖叫限定,椰香紫米燕麥鮮奶,52.0,34
5元區,魚餃,5.0,35
5元區,魚豆腐,5.0,35
5元區,小豆干,5.0,35
5元區,甜不辣,5.0,35
5元區,麻吉燒,5.0,35
10元區,雞翅,10.0,35
10元區,米血,10.0,35
10元區,芋粿,10.0,35
10元區,百頁豆腐,10.0,35
10元區,大黑豆干,10.0,35
10元區,雞爪,10.0,35
10元區,雞脖子,10.0,35
10元區,鳥蛋,10.0,35
10元區,雞心,10.0,35
10元區,雞胗,10.0,35
10元區,蒟蒻卷,10.0,35
10元區,凍豆腐,10.0,35
10元區,油豆腐,10.0,35
10元區,鑫鑫腸,10.0,35
10元區,甜不辣,10.0,35
10元區,蝦球,10.0,35
20元區,熱狗,20.0,35
20元區,鴨胗,20.0,35
20元區,蝦卷,20.0,35
20元區,竹輪,20.0,35
20元區,蘭花干,20.0,35
20元區,海帶,20.0,35
20元區,貢丸,20.0,35
20元區,芋頭丸,20.0,35
20元區,干貝沙拉,20.0,35
20元區,龍蝦沙拉,20.0,35
20元區,松坂起司,20.0,35
20元區,滷炸豆包,20.0,35
菜類,高麗菜,30.0,35
菜類,花椰菜,30.0,35
菜類,四季豆,30.0,35
菜類,杏包菇,30.0,35
菜類,金針菇,30.0,35
菜類,香菇,30.0,35
肉類,牛五花肉片,30.0,35
肉類,豬肉片,30.0,35
麵類,冬粉,15.0,35
麵類,意麵,15.0,35
麵類,王子麵,15.0,35
麵類,烏龍麵,20.0,35
麵類,蒸煮麵,20.0,35
鍋燒麵系列,烏龍麵【鍋燒麵】,100.0,35
鍋燒麵系列,蒸煮麵【鍋燒麵】,100.0,35
鍋燒麵系列,王子麵【鍋燒麵】,100.0,35
鍋燒麵系列,冬粉【鍋燒麵】,100.0,35
鍋燒麵系列,意麵【鍋燒麵】,100.0,35
燒烤系列,雞排,70.0,35
燒烤系列,雞腿肉串,40.0,35
燒烤系列,雞軟骨串,40.0,35
燒烤系列,豬五花串,40.0,35
燒烤系列,羊肉串,40.0,35
燒烤系列,雞屁股串,40.0,35
燒烤系列,雞心串,40.0,35
燒烤系列,雞胗串,40.0,35
豆腐鍋系列,原味豆腐鍋,165.0,36
豆腐鍋系列,大醬豆腐鍋,175.0,36
豆腐鍋系列,味噌豆腐鍋,175.0,36
豆腐鍋系列,起司豆腐鍋,175.0,36
豆腐鍋系列,泡菜豆腐鍋,195.0,36
部隊鍋系列,部隊鍋,205.0,36
石鍋拌飯系列,炸醬麵,105.0,36
石鍋拌飯系列,豬肉石鍋拌飯,175.0,36
石鍋拌飯系列,起司豬肉石鍋拌飯,195.0,36
石鍋拌飯系列,牛肉石鍋拌飯,185.0,36
石鍋拌飯系列,起司牛肉石鍋拌飯,205.0,36
單點小菜系列,小熱狗,45.0,36
單點小菜系列,雞塊,55.0,36
單點小菜系列,炸薯條,55.0,36
單點小菜系列,炸餃子,55.0,36
單點小菜系列,甜不辣,55.0,36
單點小菜系列,雞米花,55.0,36
單點小菜系列,韓式泡菜,55.0,36
單點小菜系列,獨家Q年糕,60.0,36
單點小菜系列,辣炒年糕,75.0,36
單點小菜系列,起司年糕,95.0,36
單點小菜系列,紅醬辣味炸雞,135.0,36
單點小菜系列,韓國醬料炸雞,135.0,36
飲料,紅茶,30.0,36
飲料,奶茶,35.0,36
飲料,玉米鬚茶,35.0,36
飲料,鮮奶茶,45.0,36
飲料,柚子茶,45.0,36
飲料,檸檬蘇打,45.0,36
季節限定,新鮮草莓牛奶冰（牛奶冰底）,150.0,37
季節限定,新鮮草莓牛奶冰（芒果冰底）,150.0,37
燒仙草,原味燒仙草,45.0,37
燒仙草,綜合燒仙草,50.0,37
燒仙草,芝麻花生各半燒仙草,80.0,37
燒仙草,芝麻湯圓燒仙草,80.0,37
燒仙草,花生湯圓燒仙草,80.0,37
紅豆湯,紅豆湯 （冰）,45.0,37
紅豆湯,綜合紅豆湯 （冰）,50.0,37
紅豆湯,紅豆湯（熱）,45.0,37
紅豆湯,綜合紅豆湯（熱）,50.0,37
紅豆湯,芝麻湯圓紅豆湯（熱）,80.0,37
紅豆湯,花生湯圓紅豆湯（熱）,80.0,37
紅豆湯,芝麻花生各半紅豆湯（熱）,80.0,37
豆花,原味豆花 （冰）,45.0,37
豆花,綜合豆花 （冰）,50.0,37
豆花,原味熱豆花 （熱）,45.0,37
豆花,綜合熱豆花 （熱）,50.0,37
豆花,花生湯圓豆花,80.0,37
豆花,芝麻湯圓豆花,80.0,37
豆花,芝麻花生各半豆花,80.0,37
店内熱門雪花冰,紅豆牛奶雪花冰,75.0,37
店内熱門雪花冰,抹茶紅豆牛奶雪花冰,75.0,37
店内熱門雪花冰,OREO巧克力雪花冰,85.0,37
店内熱門雪花冰,黑旋風巧克力雪花冰,90.0,37
芋見泥雪花冰系列,芋見泥牛奶雪花冰,85.0,37
芋見泥雪花冰系列,紅豆芋見泥雪花冰,85.0,37
芋見泥雪花冰系列,珍想芋見泥雪花冰,90.0,37
芋見泥雪花冰系列,綜合芋見泥雪花冰,100.0,37
果醬系列雪花冰,巧克力牛奶雪花冰,70.0,37
果醬系列雪花冰,草莓牛奶雪花冰,70.0,37
果醬系列雪花冰,百香果牛奶雪花冰,70.0,37
果醬系列雪花冰,烏梅牛奶雪花冰,70.0,37
原味雪花冰系列,原味牛奶雪花冰,65.0,37
原味雪花冰系列,原味抹茶雪花冰,65.0,37
原味雪花冰系列,原味芒果雪花冰,65.0,37
手炒黑糖剉冰系列,紅豆牛奶剉冰,60.0,37
手炒黑糖剉冰系列,綜合黑糖剉冰,60.0,37
仙草冰,原味仙草冰,45.0,37
仙草冰,綜合仙草冰,50.0,37
愛玉冰,原味愛玉冰,45.0,37
愛玉冰,綜合愛玉冰,50.0,37
鹹水雞,鹹水半隻雞,150.0,38
鹹水雞,雞腿,75.0,38
鹹水雞,雞胸,65.0,38
煙燻雞,煙燻半隻雞,155.0,38
青菜類,高麗菜,25.0,38
青菜類,玉米筍,25.0,38
青菜類,馬鈴薯,25.0,38
青菜類,黑木耳,25.0,38
青菜類,綠花椰菜,25.0,38
青菜類,四季豆,25.0,38
青菜類,金針菇,25.0,38
青菜類,小黃瓜,30.0,38
青菜類,洋蔥,25.0,38
滷味類,鳥蛋,25.0,38
滷味類,素腰花,25.0,38
滷味類,鑫鑫腸,25.0,38
滷味類,甜不辣,25.0,38
滷味類,蘿蔔,25.0,38
滷味類,豆包,25.0,38
滷味類,百頁豆腐,25.0,38
滷味類,米血,25.0,38
滷味類,新竹貢丸,25.0,38
滷味類,芋籤,25.0,38
滷味類,皮蛋,25.0,38
滷味類,王子麵,25.0,38
滷味類,豆干,25.0,38
滷味類,杏鮑菇,25.0,38
滷味類,豬耳朵,25.0,38
滷味類,豆皮,25.0,38
串類,雞心,25.0,38
串類,雞胗,25.0,38
串類,雞蛋黃,25.0,38
串類,雞冠,25.0,38
串類,雞皮,25.0,38
串類,雞屁股,25.0,38
串類,雞腸,25.0,38
串類,生腸頭,25.0,38
水果類,芭樂,25.0,38
大棒壽司,芝麻棒,55.0,39
大棒壽司,海苔棒,55.0,39
大棒壽司,魚卵棒,55.0,39
大棒壽司,大棒壽司,55.0,39
細棒壽司,黃瓜細捲,50.0,39
細棒壽司,蟹肉細捲,50.0,39
細棒壽司,蘆筍細捲,50.0,39
細棒壽司,肉鬆細捲,50.0,39
細棒壽司,玉子燒細捲,50.0,39
馬卡龍壽司,黑白香鬆馬卡龍壽司,40.0,39
馬卡龍壽司,彩色魚卵馬卡龍壽司,40.0,39
馬卡龍壽司,海苔馬卡龍壽司,40.0,39
馬卡龍壽司,鮮蝦馬卡龍壽司,55.0,39
馬卡龍壽司,綜合馬卡龍壽司,55.0,39
湯品,味噌湯,30.0,39
湯品,鮮魚味噌湯,60.0,39
湯品,茶碗蒸,50.0,39
手捲,蘆筍手捲,45.0,39
手捲,魚卵手捲,50.0,39
手捲,松葉蟹蘆筍手捲,50.0,39
手捲,龍蝦沙拉手捲,50.0,39
手捲,鮮蝦蘆筍手捲,50.0,39
手捲,鮪魚蔥手捲,60.0,39
手捲,鮭魚卵手捲,80.0,39
手捲,炸蝦手捲,60.0,39
捲壽司,生菜燻雞捲壽司,125.0,39
捲壽司,花壽司,100.0,39
捲壽司,惠方捲,100.0,39
捲壽司,蛋皮捲,100.0,39
捲壽司,炸蝦捲,125.0,39
烤物,秋刀魚,60.0,39
烤物,鯖魚,180.0,39
烤物,中卷,180.0,39
烤物,安格斯牛小排,220.0,39
烤物,松阪豬,220.0,39
烤物,鱸魚下巴,60.0,39
烤物,肉串,40.0,39
刺身丼飯,新鮮鮭魚丼飯,179.0,39
刺身丼飯,綜合海鮮丼飯,179.0,39
刺身丼飯,鮭魚親子丼飯,179.0,39
刺身丼飯,鮪魚姊妹丼飯,179.0,39
刺身丼飯,珍珠海鮮丼飯,259.0,39
刺身丼飯,豪邁海鮮丼飯,359.0,39
刺身,鮭魚,140.0,39
刺身,鮪魚,140.0,39
刺身,長鰭鮪魚,140.0,39
刺身,干貝,220.0,39
刺身,甜蝦,50.0,39
刺身,綜合刺身,280.0,39
沙拉,洋蔥沙拉,60.0,39
沙拉,綜合海鮮沙拉,100.0,39
沙拉,胡麻雞胸野菜沙拉,100.0,39
沙拉,櫻桃鴨胸沙拉,100.0,39
熟食丼飯,炙燒鮭魚丼飯,179.0,39
熟食丼飯,蒲燒鯛魚丼飯,139.0,39
熟食丼飯,炙燒散壽司丼飯,159.0,39
熟食丼飯,炙燒星鰻丼飯,159.0,39
熟食丼飯,櫻桃鴨胸丼飯,169.0,39
熟食丼飯,鹽烤松阪豬丼飯,179.0,39
熟食丼飯,醬燒厚切豬排丼飯,179.0,39
熟食丼飯,壽喜燒豬肉丼飯,159.0,39
熟食丼飯,壽喜燒牛五花丼飯,159.0,39
熟食丼飯,雞肉親子丼,159.0,39
熟食丼飯,醬燒鮮魚丼飯,159.0,39
熟食丼飯,炸蝦丼,159.0,39
熟食丼飯,絕妙搭配水波蛋,20.0,39
炸物,唐揚雞,75.0,39
炸物,花枝丸,60.0,39
炸物,炸蝦,75.0,39
炸物,炸豆腐,55.0,39
精緻餐點,綜合刺身握壽司,280.0,39
精緻餐點,熱門綜合壽司,150.0,39
精緻餐點,炙燒鮭魚綜合壽司,280.0,39
精緻餐點,焦糖系列壽司,210.0,39
精緻餐點,沙拉軍艦壽司,150.0,39
精緻餐點,豆皮綜合壽司,160.0,39
精緻餐點,經典綜合握壽司,150.0,39
精緻餐點,素食綜合壽司,150.0,39
精緻餐點,炙燒綜合壽司,260.0,39
精緻壽司,鮭魚卵軍艦,85.0,39
精緻壽司,鮪魚蔥軍艦,60.0,39
精緻壽司,甜蝦握壽司,60.0,39
精緻壽司,干貝握壽司,100.0,39
精緻壽司,鮭魚握壽司,95.0,39
精緻壽司,鮪魚握壽司,95.0,39
精緻壽司,長鰭鮪魚握壽司,95.0,39
精緻壽司,黃金鯡魚握壽司,50.0,39
精緻壽司,炙燒鮭魚握壽司【原味】,100.0,39
精緻壽司,炙燒鮭魚握壽司【焦糖】,100.0,39
精緻壽司,炙燒鮭魚握壽司【起司】,100.0,39
精緻壽司,炙燒干貝握壽司,120.0,39
麵食,担仔麵【油麵】,50.0,40
麵食,担仔米粉,50.0,40
麵食,担仔板條,60.0,40
麵食,担仔白麵,60.0,40
麵食,貢丸麵,50.0,40
麵食,魚丸麵,50.0,40
麵食,雙丸麵,50.0,40
麵食,餛飩麵,70.0,40
麵食,豬肝麵,80.0,40
麵食,肝連麵,80.0,40
麵食,虱目魚肚麵,80.0,40
飯食,肉燥飯,30.0,40
飯食,雞絲飯,35.0,40
飯食,雞絲肉燥飯,40.0,40
飯食,香腸飯,35.0,40
湯品,虱目魚肚湯,60.0,40
湯品,虱目魚皮湯,60.0,40
湯品,虱目魚肚粥,80.0,40
湯品,虱目魚皮粥,80.0,40
湯品,虱目魚丸湯,35.0,40
湯品,魚丸湯,35.0,40
湯品,貢丸湯,30.0,40
湯品,蛋花湯,30.0,40
湯品,豬肝湯,60.0,40
湯品,肝連湯,60.0,40
湯品,粉腸湯,60.0,40
湯品,餛飩湯,35.0,40
小菜,燙青菜,35.0,40
小菜,滷白菜,40.0,40
小菜,滷筍絲,40.0,40
小菜,小黃瓜,40.0,40
小菜,海帶絲,40.0,40
小菜,皮蛋豆腐,35.0,40
小菜,虱目魚頭,50.0,40
小菜,滷魚肚,65.0,40
小菜,豬肝連,60.0,40
小菜,粉腸,60.0,40
小菜,沙拉筍,60.0,40
小菜,滷大腸【大】,60.0,40
小菜,滷大腸【小】,30.0,40
小菜,滷小腸【大】,60.0,40
小菜,滷小腸【小】,30.0,40
小菜,滷大腸、小腸,60.0,40
小菜,香腸,50.0,40
小菜,豬耳朵,50.0,40
小菜,蒜泥白肉,60.0,40
滷味區,油豆腐,10.0,40
滷味區,豆干,10.0,40
滷味區,米血,10.0,40
滷味區,海帶片,10.0,40
滷味區,滷蛋,10.0,40
滷味區,甜不辣,10.0,40
滷味區,黑輪,10.0,40
滷味區,綜合滷味,50.0,40
定食區,黃金炸豬排定食,150.0,41
定食區,香酥炸魚排定食,150.0,41
定食區,脆嫩炸雞腿排定食,160.0,41
定食區,厚切炸牛排定食,200.0,41
定食區,特級骰子牛肉定食,220.0,41
丼飯區,五花豬肉丼,100.0,41
丼飯區,經典牛肉丼,100.0,41
丼飯區,黃金炸豬排丼,140.0,41
丼飯區,香酥炸魚排丼,140.0,41
丼飯區,脆嫩炸雞腿排丼,150.0,41
丼飯區,厚切炸牛排丼,190.0,41
丼飯區,特級骰子牛肉丼,210.0,41
咖哩區,香濃日式咖哩飯,80.0,41
咖哩區,黃金炸豬排咖哩飯,140.0,41
咖哩區,香酥炸魚排咖哩飯,140.0,41
咖哩區,脆嫩炸雞腿排咖哩飯,150.0,41
咖哩區,厚切炸牛排咖哩飯,190.0,41
鍋燒區,經典牛肉鍋燒,110.0,41
鍋燒區,五花豬肉鍋燒,110.0,41
鍋燒區,黃金炸豬排鍋燒,150.0,41
鍋燒區,香酥炸魚排鍋燒,150.0,41
鍋燒區,脆嫩炸雞腿排鍋燒,160.0,41
鍋燒區,厚切炸牛排鍋燒,200.0,41
新品區,日式雞肉親子丼,120.0,41
新品區,鮮嫩鯛魚鍋燒,150.0,41
新品區,兒童B餐（日式炒烏龍）,100.0,41
新品區,兒童A餐（香鬆飯糰）,100.0,41
泡菜系列,泡菜牛肉丼,130.0,41
泡菜系列,泡菜豬肉丼,130.0,41
泡菜系列,泡菜牛肉鍋燒,150.0,41
泡菜系列,泡菜豬肉鍋燒,150.0,41
日式炒烏龍區,雪花牛肉炒烏龍,130.0,41
日式炒烏龍區,五花豬肉炒烏龍,130.0,41
日式炒烏龍區,黃金炸豬排炒烏龍,170.0,41
日式炒烏龍區,香酥炸魚排炒烏龍,170.0,41
日式炒烏龍區,脆嫩炸雞腿排炒烏龍,180.0,41
日式炒烏龍區,厚切炸牛排炒烏龍,220.0,41
單品區,黃金炸豬排,80.0,41
單品區,香酥炸魚排,80.0,41
單品區,脆嫩炸雞腿排,90.0,41
單品區,厚切炸牛排,130.0,41
單品區,雪花唐揚豆腐,50.0,41
單品區,唐揚嫩雞塊,60.0,41
單品區,和風玉子燒,60.0,41
單品區,御饌嚴選泡菜,35.0,41
單品區,每日甜點,20.0,41
精緻餐點,蔥包肉,45.0,42
精緻餐點,里肌肉蛋吐司,55.0,42
精緻餐點,豬肉串,40.0,42
精緻餐點,牛小排串,50.0,42
精緻餐點,雞腿肉串,45.0,42
精緻餐點,雞胗,35.0,42
精緻餐點,雞心,35.0,42
精緻餐點,雞皮,30.0,42
精緻餐點,雞脖子,30.0,42
精緻餐點,七里香,35.0,42
精緻餐點,甜不辣、米血、魚板【任選3個】,30.0,42
精緻餐點,大貢丸,35.0,42
精緻餐點,大熱狗,35.0,42
精緻餐點,小熱狗 ,35.0,42
精緻餐點,香腸,35.0,42
精緻餐點,糯米腸,35.0,42
精緻餐點,花枝丸,35.0,42
精緻餐點,銀絲卷 ,30.0,42
精緻餐點,四季豆,35.0,42
精緻餐點,青椒,35.0,42
精緻餐點,豆乾,35.0,42
海鮮燒烤,草蝦,180.0,43
海鮮燒烤,軟絲,250.0,43
海鮮燒烤,秋刀魚,150.0,43
海鮮燒烤,鱈魚,320.0,43
海鮮燒烤,虱目魚肚,150.0,43
海鮮燒烤,鯛魚下巴,150.0,43
海鮮燒烤,鮭魚頭,320.0,43
海鮮燒烤,胡椒蝦,380.0,43
海鮮燒烤,胡椒鳳螺,350.0,43
海鮮燒烤,奶油蛤蜊,150.0,43
海鮮燒烤,薑絲蛤蜊,150.0,43
肉類燒烤,雞翅,200.0,43
肉類燒烤,七里香,280.0,43
肉類燒烤,松阪肉,250.0,43
肉類燒烤,帶骨牛小排,250.0,43
肉類燒烤,雞腿肉,150.0,43
肉類燒烤,羊肉串,250.0,43
肉類燒烤,三層肉,200.0,43
時蔬燒烤,玉米筍,120.0,43
時蔬燒烤,杏鮑菇,120.0,43
時蔬燒烤,筊白筍,120.0,43
熱炒類,應景食蔬,100.0,43
熱炒類,蒜泥白肉,120.0,43
熱炒類,蔥爆牛,150.0,43
熱炒類,沙茶牛肉,150.0,43
熱炒類,沙茶豬肉,150.0,43
熱炒類,鹹蛋苦瓜,150.0,43
熱炒類,塔香螺肉,150.0,43
熱炒類,宮保雞丁,150.0,43
熱炒類,脆皮豆腐,150.0,43
熱炒類,金沙豆腐,200.0,43
熱炒類,金沙中卷,200.0,43
熱炒類,皮蛋地瓜葉,150.0,43
熱炒類,鐵板三杯雞,250.0,43
熱炒類,炒海瓜子,250.0,43
熱炒類,客家小炒,150.0,43
熱炒類,鐵板中卷,250.0,43
熱炒類,鐵板牛肉,250.0,43
熱炒類,蒜香排骨,250.0,43
熱炒類,鐵板鴕鳥肉,220.0,43
熱炒類,鐵板豆腐,200.0,43
熱炒類,麻油松阪肉,250.0,43
熱炒類,蒜苗松阪肉,250.0,43
熱炒類,五更腸旺,200.0,43
熱炒類,鳳梨蝦球,250.0,43
熱炒類,金沙蝦球,250.0,43
熱炒類,白灼蝦,250.0,43
熱炒類,鹹酥蝦,250.0,43
熱炒類,脆皮肥腸,220.0,43
熱炒類,川燙軟絲,250.0,43
熱炒類,麻辣軟絲,250.0,43
熱炒類,陶板蝦,380.0,43
熱炒類,清蒸鱈魚,350.0,43
熱炒類,養身小木耳,120.0,43
熱炒類,麻婆豆腐,150.0,43
熱炒類,水煮牛肉,250.0,43
熱炒類,水煮豬肉,250.0,43
熱炒類,椒鹽花枝標,200.0,43
熱炒類,紅新娘,200.0,43
泰式料理,蝦醬高麗菜,120.0,43
泰式料理,椒麻雞,160.0,43
泰式料理,泰式打拋豬,180.0,43
泰式料理,綠咖哩豬肉,180.0,43
泰式料理,綠咖哩牛肉,180.0,43
泰式料理,椰香豬肉,180.0,43
泰式料理,椰香牛肉,180.0,43
泰式料理,奶皇豬肉,200.0,43
泰式料理,奶皇牛肉,200.0,43
泰式料理,泰式炸蛋,120.0,43
泰式料理,奶皇蝦,280.0,43
泰式料理,石燒豆腐,150.0,43
泰式料理,椰香三鮮,280.0,43
泰式料理,乾燒蝦,380.0,43
泰式料理,鮮蝦粉絲煲,380.0,43
飯麵類,櫻花蝦炒飯,80.0,43
飯麵類,肉絲炒飯,80.0,43
飯麵類,牛肉炒飯,90.0,43
飯麵類,肉絲炒麵,80.0,43
飯麵類,牛肉炒麵,90.0,43
湯類,蛤蜊湯,150.0,43
湯類,蒜頭蛤蜊雞湯,400.0,43
湯類,剝皮辣椒雞湯,400.0,43
湯類,虱目魚湯,150.0,43
湯類,蘑菇馬蹄肉片湯,150.0,43
暖心火鍋類,酸菜白肉鍋,400.0,43
暖心火鍋類,麻辣鍋,450.0,43
火鍋類,原味鍋【豬】,110.0,44
火鍋類,原味鍋【牛】,110.0,44
火鍋類,味噌鍋【豬】,120.0,44
火鍋類,味噌鍋【牛】,120.0,44
火鍋類,麻辣鍋【豬】,130.0,44
火鍋類,麻辣鍋【牛】,130.0,44
火鍋類,咖哩鍋【豬】,130.0,44
火鍋類,咖哩鍋【牛】,130.0,44
火鍋類,泡菜鍋【豬】,140.0,44
火鍋類,泡菜鍋【牛】,140.0,44
火鍋類,起司牛奶鍋【豬】,150.0,44
火鍋類,起司牛奶鍋【牛】,150.0,44
鍋燒類,鍋燒意麵,75.0,44
鍋燒類,鍋燒王子麵,75.0,44
鍋燒類,鍋燒雞絲麵,75.0,44
鍋燒類,鍋燒烏龍麵,90.0,44
涼麵類,溏心蛋,25.0,44
涼麵類,味噌湯,30.0,44
單點類,豬肉,60.0,44
單點類,牛肉,60.0,44
單點類,蛤蜊,60.0,44
單點類,鮮蝦,60.0,44
單點類,魚餃,40.0,44
單點類,蛋餃,40.0,44
單點類,小貢丸,30.0,44
單點類,鱈魚丸,30.0,44
單點類,起司球,30.0,44
單點類,鑫鑫腸,30.0,44
單點類,黃金魚蛋,30.0,44
單點類,九層塔花枝貝,30.0,44
單點類,魚卵卷,30.0,44
單點類,金針菇,30.0,44
單點類,韓式泡菜,40.0,44
單點類,玉米筍,40.0,44
單點類,凍豆腐,30.0,44
單點類,嫩豆腐,30.0,44
單點類,米血糕,30.0,44
單點類,蒟蒻卷,30.0,44
單點類,豆皮,30.0,44
單點類,冬粉,10.0,44
單點類,王子麵,15.0,44
單點類,烏龍麵,20.0,44
單點類,白飯,10.0,44
單點類,雞蛋,10.0,44
精緻餐點,韓式拌飯【牛】,100.0,44
精緻餐點,韓式拌飯［豬］,100.0,44
精緻餐點,酸辣湯,50.0,44
精緻餐點,酸辣湯麵,80.0,44
蓋飯類,酥炸豬排蓋飯,110.0,45
蓋飯類,香滷雞腿蓋飯,110.0,45
蓋飯類,五香控肉蓋飯,110.0,45
燴飯區,豬肉燴飯,120.0,45
燴飯區,招牌牛腩燴飯,210.0,45
小菜,清脆小黃瓜,35.0,45
小菜,滷香豆干,35.0,45
小菜,韓式泡菜,35.0,45
小菜,話梅泡菜,35.0,45
小菜,燙青菜,45.0,45
小菜,白飯,15.0,45
小菜,手炒肉燥飯,70.0,45
快炒類【非牛區】,火爆香酥椒鹽蝦,240.0,45
快炒類【非牛區】,白灼嫩鮮蝦,200.0,45
快炒類【非牛區】,快炒蔥爆豬肉,200.0,45
快炒類【非牛區】,麻婆嫩豆腐,180.0,45
快炒類【非牛區】,香煎蔥花蛋,100.0,45
快炒類【非牛區】,蠔油燴杏鮑菇,180.0,45
快炒類【非牛區】,蒜泥灼白肉,200.0,45
快炒類【非牛區】,金門客家小炒,200.0,45
快炒類【非牛區】,快炒回鍋肉,200.0,45
快炒類【非牛區】,炒食蔬,110.0,45
快炒類【牛肉區】,快炒蔥爆牛肉,240.0,45
快炒類【牛肉區】,快炒蔥爆牛肚,240.0,45
快炒類【牛肉區】,快炒銀芽牛肚,240.0,45
快炒類【牛肉區】,嫩火紅燒牛筋,240.0,45
快炒類【牛肉區】,嫩火紅燒牛腩,240.0,45
快炒類【牛肉區】,爆炒宮爆牛心管,270.0,45
快炒類【牛肉區】,爆炒椒鹽牛小排,280.0,45
快炒類【牛肉區】,爆炒黑胡椒牛小排,280.0,45
醬料區,手工酸菜辣椒醬,120.0,45
醬料區,金門干貝辣椒醬,250.0,45
醬料區,金門石蚵干貝辣椒醬【小】,380.0,45
醬料區,金門石蚵干貝辣椒醬【大】,480.0,45
麵類,金門紅燒牛肉麵,160.0,45
麵類,皇家半筋半肉湯麵,190.0,45
麵類,金門黃牛三寶湯麵,210.0,45
麵類,什錦炒拉麵,120.0,45
麵類,時蔬素炒麵,120.0,45
湯品,金門紫菜貢丸湯,60.0,45
湯品,蔥燒牛肉湯,130.0,45
湯品,清燉黃牛雜湯,180.0,45
湯品,金門鮮蚵紫菜湯,230.0,45
湯品,素食紫菜湯,60.0,45
湯品,新鮮水餃【溫體豬肉】,130.0,45
湯品,新鮮水餃【黃牛肉】,150.0,45
※週邊商品,香麻滷鴨血,40.0,46
※週邊商品,滷臭豆腐,40.0,46
世界風味系列鍋品,味噌豆腐鍋,140.0,46
世界風味系列鍋品,歐巴最愛大醬鍋,150.0,46
世界風味系列鍋品,紅鑽寶石番茄鍋,150.0,46
世界風味系列鍋品,老東北酸白菜鍋,150.0,46
世界風味系列鍋品,舖檔咖哩魚蛋鍋,150.0,46
世界風味系列鍋品,滿滿幸福壽喜鍋,160.0,46
世界風味系列鍋品,味蕾全開酸辣鍋【小辣】,160.0,46
世界風味系列鍋品,紅油飄香麻辣鍋【中辣】,160.0,46
世界風味系列鍋品,天香回味蒙古鍋,160.0,46
世界風味系列鍋品,奶油蘑菇鍋,170.0,46
世界風味系列鍋品,香甜奶油玉米,170.0,46
世界風味系列鍋品,爪哇咖哩鍋【小辣】,170.0,46
世界風味系列鍋品,多瑙河紅椒鍋,170.0,46
世界風味系列鍋品,椰漿風叻沙鍋【小辣】,170.0,46
世界風味系列鍋品,海苔佃煮鍋,170.0,46
世界風味系列鍋品,醇鮮牛奶起司鍋,170.0,46
就愛台灣特色鍋品,田園蔬菜鍋【素食】,140.0,46
就愛台灣特色鍋品,海鮮鍋,140.0,46
就愛台灣特色鍋品,沙茶鍋,150.0,46
就愛台灣特色鍋品,南瓜鍋,160.0,46
就愛台灣特色鍋品,養身十全大補鍋,160.0,46
熊貓專屬85折優惠套餐,半個人生酸辣粉組合餐,178.5,47
熊貓專屬85折優惠套餐,不是A5水煮牛套餐,187.0,47
熊貓專屬85折優惠套餐,湯滷合作套餐,178.5,47
熊貓專屬85折優惠套餐,胖打熊貓豆腐套餐,187.0,47
熊貓專屬85折優惠套餐,楊過最愛菇菇雞套餐,178.5,47
熊貓專屬85折優惠套餐,潮好粗乾拌麵套餐,178.5,47
熊貓專屬85折優惠套餐,沙郎嘿唷年糕套餐,187.0,47
熊貓專屬85折優惠套餐,潮仔細乾拌麵套餐,178.5,47
單點,招牌滷鴨血,35.0,47
單點,麻辣韓國魚板,35.0,47
單點,麻辣乒乓魚蛋,35.0,47
單點,麻辣豆腐,35.0,47
單點,高麗菜,35.0,47
單點,每日時蔬,35.0,47
單點,金針菇,35.0,47
單點,王子麵,20.0,47
單點,蒸煮麵,20.0,47
單點,綜合餃,25.0,47
單點,豬肉片,45.0,47
單點,雞肉片,45.0,47
單點,牛肉片,45.0,47
飲料,冷泡鐵觀音熟不熟,35.0,47
飲料,洋甘菊綠茶最知性,35.0,47
飲料,蜜桃果茶戀愛中,45.0,47
飲料,冬瓜檸檬手牽手,45.0,47
飲料,冷泡金萱裝文青,35.0,47
飲料,陳皮梅愛情特調,45.0,47
飯類（非店内價）,口水雞飯,85.0,48
飯類（非店内價）,丁骨排骨飯,85.0,48
飯類（非店内價）,控肉飯,85.0,48
飯類（非店内價）,雞排飯,85.0,48
飯類（非店内價）,豬排飯,85.0,48
飯類（非店内價）,腳庫飯,95.0,48
飯類（非店内價）,豬腳飯,100.0,48
飯類（非店内價）,牛肉飯,100.0,48
飯類（非店内價）,黑椒豬排飯,85.0,48
飯類（非店内價）,香酥魚排飯,85.0,48
單點【小吃】非店内價,單點（雞腿）,55.0,48
單點【小吃】非店内價,（單點）豬排,55.0,48
單點【小吃】非店内價,（單點）雞排,55.0,48
單點【小吃】非店内價,（單點）豬腳,85.0,48
單點【小吃】非店内價,單點(牛肉),85.0,48
單點【小吃】非店内價,單點（黑椒豬排）,55.0,48
單點【小吃】非店内價,單點（香酥魚排）,55.0,48
美味千層堡,豬肉漢堡蛋千層堡,55.0,49
美味千層堡,香雞排堡蛋千層堡,60.0,49
美味千層堡,健康薯泥千層堡,60.0,49
美味千層堡,燻雞堡蛋千層堡,65.0,49
美味千層堡,里肌豬排堡蛋千層堡,65.0,49
美味千層堡,菲力嫩汁雞排蛋千層堡,65.0,49
美味千層堡,香烤雞腿堡蛋千層堡,70.0,49
美味千層堡,脆皮卡啦雞腿蛋千層堡,80.0,49
美味千層堡,雙層吉士牛肉千層堡,95.0,49
香烤吐司,烤火腿蛋系列,45.0,49
香烤吐司,烤肉鬆蛋系列,45.0,49
香烤吐司,烤起司蛋系列,45.0,49
香烤吐司,烤培根蛋系列,45.0,49
香烤吐司,烤里肌豬排蛋系列,55.0,49
香烤吐司,菲力雞腿蛋系列,55.0,49
香烤吐司,烤總匯奶香吐司,70.0,49
鮮蛋鐵板麵,鮮蛋鐵板麵,65.0,49
鮮蛋鐵板麵,泰式打拋豬醬鮮蛋鐵板麵,80.0,49
鮮蛋鐵板麵,宮保雞丁鮮蛋鐵板麵,80.0,49
鮮蛋鐵板麵,培根奶油白醬鮮蛋鐵板麵,80.0,49
鮮蛋鐵板麵,羅勒青醬鮮蛋鐵板麵,80.0,49
大牛角可頌,起司火腿大牛角可頌,65.0,49
大牛角可頌,起司培根大牛角可頌,70.0,49
大牛角可頌,燻雞蛋大牛角可頌,75.0,49
酥抓餅,原味酥抓餅,50.0,49
酥抓餅,九層塔酥抓餅,60.0,49
酥抓餅,火腿酥抓餅,60.0,49
酥抓餅,玉米酥抓餅,60.0,49
酥抓餅,肉鬆酥抓餅,60.0,49
酥抓餅,起司酥抓餅,60.0,49
酥抓餅,培根酥抓餅,60.0,49
酥抓餅,里肌豬排酥抓餅,70.0,49
乳酪西式燒餅,火腿起司燒餅,55.0,49
乳酪西式燒餅,健康蔬菜燒餅,60.0,49
乳酪西式燒餅,培根起司燒餅,60.0,49
其他類,鐵板熱狗,20.0,49
其他類,德式香腸,25.0,49
其他類,脆皮雞柳條,25.0,49
其他類,蘿蔔糕,40.0,49
其他類,薯餅,40.0,49
其他類,千層肉抓餅,40.0,49
其他類,地瓜球,45.0,49
其他類,麥克雞塊,45.0,49
其他類,薯條,45.0,49
其他類,格子脆薯,45.0,49
其他類,煎餃,50.0,49
其他類,XO醬蘿蔔糕,60.0,49
酷斯拉咖啡,研磨咖啡,70.0,49
酷斯拉咖啡,拿鐵咖啡,80.0,49
套餐專區,鐵板小烏龍餐,95.0,49
套餐專區,心滿福總匯餐,125.0,49
套餐專區,招牌套餐,105.0,49
套餐專區,頂級豪華餐,115.0,49
套餐專區,深海豪華餐,80.0,49
套餐專區,歡樂兒童餐,80.0,49
套餐專區,健康薯泥丹麥餐,105.0,49
套餐專區,脆皮雞柳可頌餐,100.0,49
套餐專區,爐烤西式燒餅餐,75.0,49
套餐專區,德式沙威餐,75.0,49
套餐專區,健康薯泥沙威餐,75.0,49
套餐專區,德式千層肉抓餅餐,80.0,49
套餐專區,XO醬蘿蔔糕燴蛋餐,90.0,49
來點小確幸,來點小確幸A加B,65.0,49
果醬吐司,奶香果醬吐司,20.0,49
果醬吐司,厚片果醬吐司,30.0,49
果醬吐司,丹麥果醬吐司,40.0,49
果醬吐司,脆酷巧克力厚片吐司,45.0,49
飲料,無糖綠茶,25.0,49
飲料,麥香紅茶,25.0,49
飲料,非基改豆漿,25.0,49
飲料,招牌奶茶,30.0,49
飲料,檸檬紅茶,30.0,49
飲料,柳橙汁,30.0,49
飲料,蔓越莓汁,30.0,49
飲料,巧克力可可,45.0,49
飲料,鮮奶茶,50.0,49
飲料,麥芽牛奶,45.0,49
飲料,黑豆芝麻漿【無糖】,45.0,49
飲料,玉米濃湯,50.0,49
功夫湯頭,招牌麻辣鍋,190.0,50
功夫湯頭,胡椒辛味鍋,175.0,50
功夫湯頭,日式胡麻鍋,170.0,50
功夫湯頭,蕃茄泡菜鍋,170.0,50
功夫湯頭,厚實龍骨鍋,170.0,50
功夫湯頭,酒釀鮮茄鍋,160.0,50
功夫湯頭,港式沙茶鍋,165.0,50
功夫湯頭,和風昆布鍋,140.0,50
功夫湯頭,鮮茄蕈菇鍋【蔬食】,175.0,50
功夫湯頭,曜金薑黃鍋,180.0,50
功夫湯頭,黑鑽松露鍋,195.0,50
功夫湯頭,麻口白湯鍋,185.0,50
功夫湯頭,法式牛奶鍋,180.0,50
嘴饞前菜,大腸滷拼盤【大腸、血旺、豆腐】,120.0,50
嘴饞前菜,牛肚滷拼盤【牛肚、血旺、豆腐】,120.0,50
嘴饞前菜,香滷大腸,100.0,50
嘴饞前菜,香滷牛肚,100.0,50
嘴饞前菜,香滷玉米筍,40.0,50
嘴饞前菜,香滷血旺,40.0,50
嘴饞前菜,香滷豆腐,40.0,50
嘴饞前菜,梅子泡菜,40.0,50
人氣冠軍,芋香丸,55.0,50
人氣冠軍,手工花枝漿,55.0,50
人氣冠軍,鮮蝦盤,55.0,50
人氣冠軍,鮮魚盤,55.0,50
人氣冠軍,蛤蜊盤,55.0,50
超值配,香菇貢丸,40.0,50
超值配,九層塔花枝丸,40.0,50
超值配,蟹味棒,40.0,50
超值配,甜不辣,40.0,50
超值配,老油條,40.0,50
超值配,西北麻吉燒【芝麻】,40.0,50
超值配,韓式年糕,40.0,50
超值配,米血糕,40.0,50
超值配,凍豆腐,40.0,50
超值配,豆皮,40.0,50
超值配,時蔬,40.0,50
超值配,高麗菜,40.0,50
超值配,玉米筍,40.0,50
超值配,芋頭,40.0,50
超值配,南瓜,40.0,50
超值配,秀珍菇,40.0,50
超值配,黑木耳,40.0,50
超值配,金針菇,40.0,50
超值配,鮮香菇,40.0,50
超值配,鑫鑫腸,40.0,50
超值配,蛋餃,40.0,50
超值配,海帶節,40.0,50
超值配,南瓜片,40.0,50
超值配,魚餃,40.0,50
超值配,燕餃,40.0,50
鮮肉盤,雞肉盤(70G),55.0,50
鮮肉盤,豬肉盤(70G),55.0,50
鮮肉盤,牛肉盤(70G),55.0,50
鮮肉盤,小海鮮盤,55.0,50
鮮肉盤,大海鮮選盤,90.0,50
其他單點,雞蛋,10.0,50
其他單點,王子麵,20.0,50
其他單點,冬粉,10.0,50
其他單點,白飯,10.0,50
其他單點,麻辣湯底【大】,180.0,50
其他單點,麻辣湯底【小】,100.0,50
其他單點,龍骨湯底【大】,140.0,50
其他單點,龍骨湯底【小】,80.0,50
其他單點,綜合蕈菇盤,80.0,50
其他單點,鍋燒意麵,20.0,50
其他單點,起司片,15.0,50
蛋餅,原味蛋餅,25.0,51
蛋餅,玉米蛋餅,30.0,51
蛋餅,火腿蛋餅,30.0,51
蛋餅,鮪魚蛋餅,35.0,51
蛋餅,薯餅蛋餅,45.0,51
蛋餅,里肌肉蛋餅,45.0,51
蛋餅,起士蛋餅,30.0,51
厚片吐司,草莓厚片吐司,35.0,51
厚片吐司,巧克力厚片吐司,35.0,51
厚片吐司,花生醬厚片吐司,35.0,51
點心,荷包蛋,10.0,51
點心,小熱狗,35.0,51
點心,脆薯,35.0,51
點心,雞塊,35.0,51
點心,薯餅,35.0,51
甜品,焦糖布蕾,45.0,52
飲料,等可可,55.0,52
飲料,等咖啡,55.0,52
飲料,等抹茶,55.0,52
飲料,雪可可,55.0,52
飲料,雪咖啡,55.0,52
飲料,雪抹茶,55.0,52
飲料,單品咖啡,90.0,52
飲料,美式咖啡,55.0,52
飲料,拿鐵,75.0,52
現打果汁,火龍果汁,75.0,52
現打果汁,金門桑葚汁,75.0,52
現打果汁,番茄梅子汁,75.0,52
現打果汁,芹菜蘋果汁,75.0,52
現打果汁,木瓜牛奶汁,75.0,52
現打果汁,香蕉奶昔,75.0,52
冬日熱飲,可可,75.0,52
冬日熱飲,柚柚茶,75.0,52
冬日熱飲,菊花枸杞,75.0,52
冬日熱飲,抹茶拿鐵加紅豆,75.0,52
冬日熱飲,紅豆奶茶,85.0,52
冬日熱飲,薑柚茶,75.0,52
冬日熱飲,QQ紅豆湯,85.0,52
單品咖啡,曼特寧中焙,95.0,52
單品咖啡,哥倫比亞中焙,95.0,52
單品咖啡,巴西中焙,95.0,52
單點糕點,金門牛角【椰奶】,45.0,53
單點糕點,金門牛角【黑糖】,45.0,53
單點糕點,日式燒地瓜,55.0,53
單點糕點,北海道爆漿乳酪塔,60.0,53
單點糕點,金菠蘿蛋黃酥,60.0,53
單點糕點,港式老婆餅,45.0,53
單點糕點,芝士奶皇酥,70.0,53
單點糕點,鳳黃酥,40.0,53
單點,金門牛角包,270.0,53
點心,日式燒地瓜,270.0,53
其他,金菠蘿蛋黃酥,360.0,53
其他,港式老婆餅,360.0,53
其他,芝士奶皇酥,420.0,53
其他,鳳黃酥,400.0,53
其他,晶沙奶皇大餅,360.0,53
其他,紅豆Q心大餅,280.0,53
其他,酒釀桂圓大餅,280.0,53
其他,牛軋餅,240.0,53
